This file contains any messages produced by compilers while
running configure, to aid debugging if configure makes a mistake.

It was created by libX11 configure 1.8.13, which was
generated by GNU Autoconf 2.72.  Invocation command line was

  $ ./configure --host=aarch64-linux-android35 --prefix=/usr --disable-static --enable-shared --disable-malloc0returnsnull --disable-dependency-tracking --disable-specs --without-xmlto --without-fop --without-xsltproc

## --------- ##
## Platform. ##
## --------- ##

hostname = 3c622a1b0904
uname -m = x86_64
uname -r = 6.6.87.2-microsoft-standard-WSL2
uname -s = Linux
uname -v = #1 SMP PREEMPT_DYNAMIC Thu Jun  5 18:30:46 UTC 2025

/usr/bin/uname -p = x86_64
/bin/uname -X     = unknown

/bin/arch              = x86_64
/usr/bin/arch -k       = unknown
/usr/convex/getsysinfo = unknown
/usr/bin/hostinfo      = unknown
/bin/machine           = unknown
/usr/bin/oslevel       = unknown
/bin/universe          = unknown

PATH: /opt/llvm-mingw/bin/
PATH: /usr/local/sbin/
PATH: /usr/local/bin/
PATH: /usr/sbin/
PATH: /usr/bin/
PATH: /sbin/
PATH: /bin/


## ----------- ##
## Core tests. ##
## ----------- ##

configure:2901: looking for aux files: ltmain.sh missing install-sh compile config.guess config.sub
configure:2914:  trying ./
configure:2943:   ./ltmain.sh found
configure:2943:   ./missing found
configure:2925:   ./install-sh found
configure:2943:   ./compile found
configure:2943:   ./config.guess found
configure:2943:   ./config.sub found
configure:3066: checking build system type
configure:3082: result: x86_64-pc-linux-android
configure:3102: checking host system type
configure:3117: result: aarch64-unknown-linux-android35
configure:3161: checking for aarch64-linux-android35-gcc
configure:3194: result: /opt/android-ndk/toolchains/llvm/prebuilt/linux-x86_64/bin/aarch64-linux-android35-clang
configure:3599: checking for C compiler version
configure:3608: /opt/android-ndk/toolchains/llvm/prebuilt/linux-x86_64/bin/aarch64-linux-android35-clang --version >&5
Android (13989888, +pgo, +bolt, +lto, +mlgo, based on r563880c) clang version 21.0.0 (https://android.googlesource.com/toolchain/llvm-project 5e96669f06077099aa41290cdb4c5e6fa0f59349)
Target: aarch64-unknown-linux-android35
Thread model: posix
InstalledDir: /opt/android-ndk/toolchains/llvm/prebuilt/linux-x86_64/bin
configure:3619: $? = 0
configure:3608: /opt/android-ndk/toolchains/llvm/prebuilt/linux-x86_64/bin/aarch64-linux-android35-clang -v >&5
Android (13989888, +pgo, +bolt, +lto, +mlgo, based on r563880c) clang version 21.0.0 (https://android.googlesource.com/toolchain/llvm-project 5e96669f06077099aa41290cdb4c5e6fa0f59349)
Target: aarch64-unknown-linux-android35
Thread model: posix
InstalledDir: /opt/android-ndk/toolchains/llvm/prebuilt/linux-x86_64/bin
configure:3619: $? = 0
configure:3608: /opt/android-ndk/toolchains/llvm/prebuilt/linux-x86_64/bin/aarch64-linux-android35-clang -V >&5
clang: error: argument to '-V' is missing (expected 1 value)
clang: error: no input files
configure:3619: $? = 1
configure:3608: /opt/android-ndk/toolchains/llvm/prebuilt/linux-x86_64/bin/aarch64-linux-android35-clang -qversion >&5
clang: error: unknown argument '-qversion'; did you mean '--version'?
clang: error: no input files
configure:3619: $? = 1
configure:3608: /opt/android-ndk/toolchains/llvm/prebuilt/linux-x86_64/bin/aarch64-linux-android35-clang -version >&5
clang: error: unknown argument '-version'; did you mean '--version'?
clang: error: no input files
configure:3619: $? = 1
configure:3639: checking whether the C compiler works
configure:3661: /opt/android-ndk/toolchains/llvm/prebuilt/linux-x86_64/bin/aarch64-linux-android35-clang -O2 -I/work/androidsysroot/usr/include -L/work/androidsysroot/usr/lib conftest.c  >&5
configure:3665: $? = 0
configure:3716: result: yes
configure:3720: checking for C compiler default output file name
configure:3722: result: a.out
configure:3728: checking for suffix of executables
configure:3735: /opt/android-ndk/toolchains/llvm/prebuilt/linux-x86_64/bin/aarch64-linux-android35-clang -o conftest -O2 -I/work/androidsysroot/usr/include -L/work/androidsysroot/usr/lib conftest.c  >&5
configure:3739: $? = 0
configure:3763: result: 
configure:3787: checking whether we are cross compiling
configure:3795: /opt/android-ndk/toolchains/llvm/prebuilt/linux-x86_64/bin/aarch64-linux-android35-clang -o conftest -O2 -I/work/androidsysroot/usr/include -L/work/androidsysroot/usr/lib conftest.c  >&5
configure:3799: $? = 0
configure:3806: ./conftest
qemu-aarch64: Could not open '/system/bin/linker64': No such file or directory
configure:3810: $? = 255
configure:3825: result: yes
configure:3831: checking for suffix of object files
configure:3854: /opt/android-ndk/toolchains/llvm/prebuilt/linux-x86_64/bin/aarch64-linux-android35-clang -c -O2 -I/work/androidsysroot/usr/include conftest.c >&5
configure:3858: $? = 0
configure:3882: result: o
configure:3886: checking whether the compiler supports GNU C
configure:3906: /opt/android-ndk/toolchains/llvm/prebuilt/linux-x86_64/bin/aarch64-linux-android35-clang -c -O2 -I/work/androidsysroot/usr/include conftest.c >&5
configure:3906: $? = 0
configure:3918: result: yes
configure:3929: checking whether /opt/android-ndk/toolchains/llvm/prebuilt/linux-x86_64/bin/aarch64-linux-android35-clang accepts -g
configure:3950: /opt/android-ndk/toolchains/llvm/prebuilt/linux-x86_64/bin/aarch64-linux-android35-clang -c -g -I/work/androidsysroot/usr/include conftest.c >&5
configure:3950: $? = 0
configure:3997: result: yes
configure:4017: checking for /opt/android-ndk/toolchains/llvm/prebuilt/linux-x86_64/bin/aarch64-linux-android35-clang option to enable C11 features
configure:4032: /opt/android-ndk/toolchains/llvm/prebuilt/linux-x86_64/bin/aarch64-linux-android35-clang  -c -O2 -I/work/androidsysroot/usr/include conftest.c >&5
configure:4032: $? = 0
configure:4051: result: none needed
configure:4175: checking whether /opt/android-ndk/toolchains/llvm/prebuilt/linux-x86_64/bin/aarch64-linux-android35-clang understands -c and -o together
configure:4198: /opt/android-ndk/toolchains/llvm/prebuilt/linux-x86_64/bin/aarch64-linux-android35-clang -c conftest.c -o conftest2.o
configure:4201: $? = 0
configure:4198: /opt/android-ndk/toolchains/llvm/prebuilt/linux-x86_64/bin/aarch64-linux-android35-clang -c conftest.c -o conftest2.o
configure:4201: $? = 0
configure:4217: result: yes
configure:4239: checking for stdio.h
configure:4239: /opt/android-ndk/toolchains/llvm/prebuilt/linux-x86_64/bin/aarch64-linux-android35-clang -c -O2 -I/work/androidsysroot/usr/include conftest.c >&5
configure:4239: $? = 0
configure:4239: result: yes
configure:4239: checking for stdlib.h
configure:4239: /opt/android-ndk/toolchains/llvm/prebuilt/linux-x86_64/bin/aarch64-linux-android35-clang -c -O2 -I/work/androidsysroot/usr/include conftest.c >&5
configure:4239: $? = 0
configure:4239: result: yes
configure:4239: checking for string.h
configure:4239: /opt/android-ndk/toolchains/llvm/prebuilt/linux-x86_64/bin/aarch64-linux-android35-clang -c -O2 -I/work/androidsysroot/usr/include conftest.c >&5
configure:4239: $? = 0
configure:4239: result: yes
configure:4239: checking for inttypes.h
configure:4239: /opt/android-ndk/toolchains/llvm/prebuilt/linux-x86_64/bin/aarch64-linux-android35-clang -c -O2 -I/work/androidsysroot/usr/include conftest.c >&5
configure:4239: $? = 0
configure:4239: result: yes
configure:4239: checking for stdint.h
configure:4239: /opt/android-ndk/toolchains/llvm/prebuilt/linux-x86_64/bin/aarch64-linux-android35-clang -c -O2 -I/work/androidsysroot/usr/include conftest.c >&5
configure:4239: $? = 0
configure:4239: result: yes
configure:4239: checking for strings.h
configure:4239: /opt/android-ndk/toolchains/llvm/prebuilt/linux-x86_64/bin/aarch64-linux-android35-clang -c -O2 -I/work/androidsysroot/usr/include conftest.c >&5
configure:4239: $? = 0
configure:4239: result: yes
configure:4239: checking for sys/stat.h
configure:4239: /opt/android-ndk/toolchains/llvm/prebuilt/linux-x86_64/bin/aarch64-linux-android35-clang -c -O2 -I/work/androidsysroot/usr/include conftest.c >&5
configure:4239: $? = 0
configure:4239: result: yes
configure:4239: checking for sys/types.h
configure:4239: /opt/android-ndk/toolchains/llvm/prebuilt/linux-x86_64/bin/aarch64-linux-android35-clang -c -O2 -I/work/androidsysroot/usr/include conftest.c >&5
configure:4239: $? = 0
configure:4239: result: yes
configure:4239: checking for unistd.h
configure:4239: /opt/android-ndk/toolchains/llvm/prebuilt/linux-x86_64/bin/aarch64-linux-android35-clang -c -O2 -I/work/androidsysroot/usr/include conftest.c >&5
configure:4239: $? = 0
configure:4239: result: yes
configure:4239: checking for wchar.h
configure:4239: /opt/android-ndk/toolchains/llvm/prebuilt/linux-x86_64/bin/aarch64-linux-android35-clang -c -O2 -I/work/androidsysroot/usr/include conftest.c >&5
configure:4239: $? = 0
configure:4239: result: yes
configure:4239: checking for minix/config.h
configure:4239: /opt/android-ndk/toolchains/llvm/prebuilt/linux-x86_64/bin/aarch64-linux-android35-clang -c -O2 -I/work/androidsysroot/usr/include conftest.c >&5
conftest.c:47:10: fatal error: 'minix/config.h' file not found
   47 | #include <minix/config.h>
      |          ^~~~~~~~~~~~~~~~
1 error generated.
configure:4239: $? = 1
configure: failed program was:
| /* confdefs.h */
| #define PACKAGE_NAME "libX11"
| #define PACKAGE_TARNAME "libX11"
| #define PACKAGE_VERSION "1.8.13"
| #define PACKAGE_STRING "libX11 1.8.13"
| #define PACKAGE_BUGREPORT "https://gitlab.freedesktop.org/xorg/lib/libx11/-/issues"
| #define PACKAGE_URL ""
| #define HAVE_STDIO_H 1
| #define HAVE_STDLIB_H 1
| #define HAVE_STRING_H 1
| #define HAVE_INTTYPES_H 1
| #define HAVE_STDINT_H 1
| #define HAVE_STRINGS_H 1
| #define HAVE_SYS_STAT_H 1
| #define HAVE_SYS_TYPES_H 1
| #define HAVE_UNISTD_H 1
| #define HAVE_WCHAR_H 1
| /* end confdefs.h.  */
| #include <stddef.h>
| #ifdef HAVE_STDIO_H
| # include <stdio.h>
| #endif
| #ifdef HAVE_STDLIB_H
| # include <stdlib.h>
| #endif
| #ifdef HAVE_STRING_H
| # include <string.h>
| #endif
| #ifdef HAVE_INTTYPES_H
| # include <inttypes.h>
| #endif
| #ifdef HAVE_STDINT_H
| # include <stdint.h>
| #endif
| #ifdef HAVE_STRINGS_H
| # include <strings.h>
| #endif
| #ifdef HAVE_SYS_TYPES_H
| # include <sys/types.h>
| #endif
| #ifdef HAVE_SYS_STAT_H
| # include <sys/stat.h>
| #endif
| #ifdef HAVE_UNISTD_H
| # include <unistd.h>
| #endif
| #include <minix/config.h>
configure:4239: result: no
configure:4239: checking for sys/param.h
configure:4239: /opt/android-ndk/toolchains/llvm/prebuilt/linux-x86_64/bin/aarch64-linux-android35-clang -c -O2 -I/work/androidsysroot/usr/include conftest.c >&5
configure:4239: $? = 0
configure:4239: result: yes
configure:4270: checking whether it is safe to define __EXTENSIONS__
configure:4289: /opt/android-ndk/toolchains/llvm/prebuilt/linux-x86_64/bin/aarch64-linux-android35-clang -c -O2 -I/work/androidsysroot/usr/include conftest.c >&5
configure:4289: $? = 0
configure:4299: result: yes
configure:4302: checking whether _XOPEN_SOURCE should be defined
configure:4324: /opt/android-ndk/toolchains/llvm/prebuilt/linux-x86_64/bin/aarch64-linux-android35-clang -c -O2 -I/work/androidsysroot/usr/include conftest.c >&5
configure:4324: $? = 0
configure:4353: result: no
configure:4431: checking for a BSD-compatible install
configure:4505: result: /usr/bin/install -c
configure:4516: checking whether sleep supports fractional seconds
configure:4532: result: yes
configure:4535: checking filesystem timestamp resolution
configure:4670: result: 0.01
configure:4675: checking whether build environment is sane
configure:4720: result: yes
configure:4782: checking for aarch64-linux-android35-strip
configure:4815: result: /opt/android-ndk/toolchains/llvm/prebuilt/linux-x86_64/bin/llvm-strip
configure:4887: checking for a race-free mkdir -p
configure:4930: result: /usr/bin/mkdir -p
configure:4937: checking for gawk
configure:4973: result: no
configure:4937: checking for mawk
configure:4958: found /usr/bin/mawk
configure:4970: result: mawk
configure:4981: checking whether make sets $(MAKE)
configure:5005: result: yes
configure:5027: checking whether make supports the include directive
configure:5042: make -f confmf.GNU && cat confinc.out
this is the am__doit target
configure:5045: $? = 0
configure:5064: result: yes (GNU style)
configure:5095: checking whether make supports nested variables
configure:5114: result: yes
configure:5128: checking xargs -n works
configure:5144: result: yes
configure:5229: checking whether UID '0' is supported by ustar format
configure:5235: result: yes
configure:5242: checking whether GID '0' is supported by ustar format
configure:5248: result: yes
configure:5256: checking how to create a ustar tar archive
configure:5267: tar --version
tar (GNU tar) 1.35
Copyright (C) 2023 Free Software Foundation, Inc.
License GPLv3+: GNU GPL version 3 or later <https://gnu.org/licenses/gpl.html>.
This is free software: you are free to change and redistribute it.
There is NO WARRANTY, to the extent permitted by law.

Written by John Gilmore and Jay Fenlason.
configure:5270: $? = 0
configure:5310: tardir=conftest.dir && eval tar --format=ustar -chf - "$tardir" >conftest.tar
configure:5313: $? = 0
configure:5317: tar -xf - <conftest.tar
configure:5320: $? = 0
configure:5322: cat conftest.dir/file
GrepMe
configure:5325: $? = 0
configure:5340: result: gnutar
configure:5349: checking dependency style of /opt/android-ndk/toolchains/llvm/prebuilt/linux-x86_64/bin/aarch64-linux-android35-clang
configure:5462: result: none
configure:5545: checking how to print strings
configure:5572: result: printf
configure:5593: checking for a sed that does not truncate output
configure:5665: result: /usr/bin/sed
configure:5683: checking for grep that handles long lines and -e
configure:5749: result: /usr/bin/grep
configure:5754: checking for egrep
configure:5824: result: /usr/bin/grep -E
configure:5831: checking for fgrep
configure:5901: result: /usr/bin/grep -F
configure:5938: checking for ld used by /opt/android-ndk/toolchains/llvm/prebuilt/linux-x86_64/bin/aarch64-linux-android35-clang
configure:6007: result: /opt/android-ndk/toolchains/llvm/prebuilt/linux-x86_64/bin/ld
configure:6014: checking if the linker (/opt/android-ndk/toolchains/llvm/prebuilt/linux-x86_64/bin/ld) is GNU ld
configure:6031: result: yes
configure:6043: checking for BSD- or MS-compatible name lister (nm)
configure:6099: result: /opt/android-ndk/toolchains/llvm/prebuilt/linux-x86_64/bin/llvm-nm
configure:6241: checking the name lister (/opt/android-ndk/toolchains/llvm/prebuilt/linux-x86_64/bin/llvm-nm) interface
configure:6249: /opt/android-ndk/toolchains/llvm/prebuilt/linux-x86_64/bin/aarch64-linux-android35-clang -c -O2 -I/work/androidsysroot/usr/include conftest.c >&5
configure:6252: /opt/android-ndk/toolchains/llvm/prebuilt/linux-x86_64/bin/llvm-nm "conftest.o"
configure:6255: output
0000000000000000 B some_variable
configure:6263: result: BSD nm
configure:6266: checking whether ln -s works
configure:6270: result: yes
configure:6278: checking the maximum length of command line arguments
configure:6411: result: 1572864
configure:6459: checking how to convert x86_64-pc-linux-android file names to aarch64-unknown-linux-android35 format
configure:6501: result: func_convert_file_noop
configure:6508: checking how to convert x86_64-pc-linux-android file names to toolchain format
configure:6530: result: func_convert_file_noop
configure:6537: checking for /opt/android-ndk/toolchains/llvm/prebuilt/linux-x86_64/bin/ld option to reload object files
configure:6546: result: -r
configure:6579: checking for file
configure:6600: found /usr/bin/file
configure:6613: result: file
configure:6630: checking for aarch64-linux-android35-objdump
configure:6663: result: /opt/android-ndk/toolchains/llvm/prebuilt/linux-x86_64/bin/llvm-objdump
configure:6741: checking how to recognize dependent libraries
configure:6950: result: pass_all
configure:6995: checking for aarch64-linux-android35-dlltool
configure:7031: result: no
configure:7041: checking for dlltool
configure:7077: result: no
configure:7107: checking how to associate runtime and link libraries
configure:7136: result: printf %s\n
configure:7150: checking for aarch64-linux-android35-ranlib
configure:7183: result: /opt/android-ndk/toolchains/llvm/prebuilt/linux-x86_64/bin/llvm-ranlib
configure:7256: checking for aarch64-linux-android35-ar
configure:7289: result: /opt/android-ndk/toolchains/llvm/prebuilt/linux-x86_64/bin/llvm-ar
configure:7392: checking for archiver @FILE support
configure:7410: /opt/android-ndk/toolchains/llvm/prebuilt/linux-x86_64/bin/aarch64-linux-android35-clang -c -O2 -I/work/androidsysroot/usr/include conftest.c >&5
configure:7410: $? = 0
configure:7414: /opt/android-ndk/toolchains/llvm/prebuilt/linux-x86_64/bin/llvm-ar cr libconftest.a @conftest.lst >&5
configure:7417: $? = 0
configure:7422: /opt/android-ndk/toolchains/llvm/prebuilt/linux-x86_64/bin/llvm-ar cr libconftest.a @conftest.lst >&5
/opt/android-ndk/toolchains/llvm/prebuilt/linux-x86_64/bin/llvm-ar: error: conftest.o: No such file or directory
configure:7425: $? = 1
configure:7438: result: @
configure:7456: checking for aarch64-linux-android35-strip
configure:7489: result: /opt/android-ndk/toolchains/llvm/prebuilt/linux-x86_64/bin/llvm-strip
configure:7638: checking command to parse /opt/android-ndk/toolchains/llvm/prebuilt/linux-x86_64/bin/llvm-nm output from /opt/android-ndk/toolchains/llvm/prebuilt/linux-x86_64/bin/aarch64-linux-android35-clang object
configure:7792: /opt/android-ndk/toolchains/llvm/prebuilt/linux-x86_64/bin/aarch64-linux-android35-clang -c -O2 -I/work/androidsysroot/usr/include conftest.c >&5
configure:7795: $? = 0
configure:7799: /opt/android-ndk/toolchains/llvm/prebuilt/linux-x86_64/bin/llvm-nm conftest.o | /usr/bin/sed -n -e 's/^.*[	 ]\([ABCDGIRSTW][ABCDGIRSTW]*\)[	 ][	 ]*\([_A-Za-z][_A-Za-z0-9]*\)$/\1 \2 \2/p' | /usr/bin/sed '/ __gnu_lto/d' > conftest.nm
configure:7865: /opt/android-ndk/toolchains/llvm/prebuilt/linux-x86_64/bin/aarch64-linux-android35-clang -o conftest -O2 -I/work/androidsysroot/usr/include -L/work/androidsysroot/usr/lib conftest.c conftstm.o >&5
configure:7868: $? = 0
configure:7907: result: ok
configure:7954: checking for sysroot
configure:7988: result: no
configure:7995: checking for a working dd
configure:8040: result: /usr/bin/dd
configure:8044: checking how to truncate binary pipes
configure:8061: result: /usr/bin/dd bs=4096 count=1
configure:8355: checking for aarch64-linux-android35-mt
configure:8391: result: no
configure:8401: checking for mt
configure:8437: result: no
configure:8457: checking if : is a manifest tool
configure:8464: : '-?'
configure:8473: result: no
configure:9266: checking for dlfcn.h
configure:9266: /opt/android-ndk/toolchains/llvm/prebuilt/linux-x86_64/bin/aarch64-linux-android35-clang -c -O2 -I/work/androidsysroot/usr/include conftest.c >&5
configure:9266: $? = 0
configure:9266: result: yes
configure:9569: checking for objdir
configure:9586: result: .libs
configure:9852: checking if /opt/android-ndk/toolchains/llvm/prebuilt/linux-x86_64/bin/aarch64-linux-android35-clang supports -fno-rtti -fno-exceptions
configure:9871: /opt/android-ndk/toolchains/llvm/prebuilt/linux-x86_64/bin/aarch64-linux-android35-clang -c -O2 -I/work/androidsysroot/usr/include -fno-rtti -fno-exceptions conftest.c >&5
configure:9875: $? = 0
configure:9889: result: yes
configure:10262: checking for /opt/android-ndk/toolchains/llvm/prebuilt/linux-x86_64/bin/aarch64-linux-android35-clang option to produce PIC
configure:10271: result: -fPIC -DPIC
configure:10279: checking if /opt/android-ndk/toolchains/llvm/prebuilt/linux-x86_64/bin/aarch64-linux-android35-clang PIC flag -fPIC -DPIC works
configure:10298: /opt/android-ndk/toolchains/llvm/prebuilt/linux-x86_64/bin/aarch64-linux-android35-clang -c -O2 -I/work/androidsysroot/usr/include -fPIC -DPIC -DPIC conftest.c >&5
configure:10302: $? = 0
configure:10316: result: yes
configure:10345: checking if /opt/android-ndk/toolchains/llvm/prebuilt/linux-x86_64/bin/aarch64-linux-android35-clang static flag -static works
configure:10375: result: yes
configure:10390: checking if /opt/android-ndk/toolchains/llvm/prebuilt/linux-x86_64/bin/aarch64-linux-android35-clang supports -c -o file.o
configure:10412: /opt/android-ndk/toolchains/llvm/prebuilt/linux-x86_64/bin/aarch64-linux-android35-clang -c -O2 -I/work/androidsysroot/usr/include -o out/conftest2.o conftest.c >&5
configure:10416: $? = 0
configure:10439: result: yes
configure:10447: checking if /opt/android-ndk/toolchains/llvm/prebuilt/linux-x86_64/bin/aarch64-linux-android35-clang supports -c -o file.o
configure:10496: result: yes
configure:10529: checking whether the /opt/android-ndk/toolchains/llvm/prebuilt/linux-x86_64/bin/aarch64-linux-android35-clang linker (/opt/android-ndk/toolchains/llvm/prebuilt/linux-x86_64/bin/ld) supports shared libraries
configure:11813: result: yes
configure:11850: checking whether -lc should be explicitly linked in
configure:11859: /opt/android-ndk/toolchains/llvm/prebuilt/linux-x86_64/bin/aarch64-linux-android35-clang -c -O2 -I/work/androidsysroot/usr/include conftest.c >&5
configure:11862: $? = 0
configure:11877: /opt/android-ndk/toolchains/llvm/prebuilt/linux-x86_64/bin/aarch64-linux-android35-clang -shared  -fPIC -DPIC conftest.o  -v -Wl,-soname -Wl,conftest -o conftest 2\>\&1 \| /usr/bin/grep  -lc  \>/dev/null 2\>\&1
configure:11880: $? = 0
configure:11895: result: no
configure:12055: checking dynamic linker characteristics
configure:13439: result: Android linker
configure:13561: checking how to hardcode library paths into programs
configure:13586: result: immediate
configure:14186: checking whether stripping libraries is possible
configure:14195: result: yes
configure:14237: checking if libtool supports shared libraries
configure:14239: result: yes
configure:14242: checking whether to build shared libraries
configure:14267: result: yes
configure:14270: checking whether to build static libraries
configure:14274: result: no
configure:14319: checking for /opt/android-ndk/toolchains/llvm/prebuilt/linux-x86_64/bin/aarch64-linux-android35-clang option to enable large file support
configure:14354: /opt/android-ndk/toolchains/llvm/prebuilt/linux-x86_64/bin/aarch64-linux-android35-clang -c -O2 -I/work/androidsysroot/usr/include conftest.c >&5
configure:14354: $? = 0
configure:14360: /opt/android-ndk/toolchains/llvm/prebuilt/linux-x86_64/bin/aarch64-linux-android35-clang -DFTYPE=ino_t -c -O2 -I/work/androidsysroot/usr/include conftest.c >&5
configure:14360: $? = 0
configure:14385: result: none needed
configure:14500: checking for /opt/android-ndk/toolchains/llvm/prebuilt/linux-x86_64/bin/aarch64-linux-android35-clang options needed to detect all undeclared functions
configure:14522: /opt/android-ndk/toolchains/llvm/prebuilt/linux-x86_64/bin/aarch64-linux-android35-clang -c -O2  -I/work/androidsysroot/usr/include conftest.c >&5
conftest.c:46:8: error: call to undeclared library function 'strchr' with type 'char *(const char *, int)'; ISO C99 and later do not support implicit function declarations [-Wimplicit-function-declaration]
   46 | (void) strchr;
      |        ^
conftest.c:46:8: note: include the header <string.h> or explicitly provide a declaration for 'strchr'
1 error generated.
configure:14522: $? = 1
configure: failed program was:
| /* confdefs.h */
| #define PACKAGE_NAME "libX11"
| #define PACKAGE_TARNAME "libX11"
| #define PACKAGE_VERSION "1.8.13"
| #define PACKAGE_STRING "libX11 1.8.13"
| #define PACKAGE_BUGREPORT "https://gitlab.freedesktop.org/xorg/lib/libx11/-/issues"
| #define PACKAGE_URL ""
| #define HAVE_STDIO_H 1
| #define HAVE_STDLIB_H 1
| #define HAVE_STRING_H 1
| #define HAVE_INTTYPES_H 1
| #define HAVE_STDINT_H 1
| #define HAVE_STRINGS_H 1
| #define HAVE_SYS_STAT_H 1
| #define HAVE_SYS_TYPES_H 1
| #define HAVE_UNISTD_H 1
| #define HAVE_WCHAR_H 1
| #define HAVE_SYS_PARAM_H 1
| #define STDC_HEADERS 1
| #define _ALL_SOURCE 1
| #define _DARWIN_C_SOURCE 1
| #define _GNU_SOURCE 1
| #define _HPUX_ALT_XOPEN_SOCKET_API 1
| #define _NETBSD_SOURCE 1
| #define _OPENBSD_SOURCE 1
| #define _POSIX_PTHREAD_SEMANTICS 1
| #define __STDC_WANT_IEC_60559_ATTRIBS_EXT__ 1
| #define __STDC_WANT_IEC_60559_BFP_EXT__ 1
| #define __STDC_WANT_IEC_60559_DFP_EXT__ 1
| #define __STDC_WANT_IEC_60559_EXT__ 1
| #define __STDC_WANT_IEC_60559_FUNCS_EXT__ 1
| #define __STDC_WANT_IEC_60559_TYPES_EXT__ 1
| #define __STDC_WANT_LIB_EXT2__ 1
| #define __STDC_WANT_MATH_SPEC_FUNCS__ 1
| #define _TANDEM_SOURCE 1
| #define __EXTENSIONS__ 1
| #define PACKAGE "libX11"
| #define VERSION "1.8.13"
| #define HAVE_DLFCN_H 1
| #define LT_OBJDIR ".libs/"
| /* end confdefs.h.  */
| 
| int
| main (void)
| {
| (void) strchr;
|   ;
|   return 0;
| }
configure:14549: /opt/android-ndk/toolchains/llvm/prebuilt/linux-x86_64/bin/aarch64-linux-android35-clang -c -O2  -I/work/androidsysroot/usr/include conftest.c >&5
configure:14549: $? = 0
configure:14569: result: none needed
configure:14587: checking whether __clang__ is declared
configure:14587: /opt/android-ndk/toolchains/llvm/prebuilt/linux-x86_64/bin/aarch64-linux-android35-clang -c -O2  -I/work/androidsysroot/usr/include conftest.c >&5
configure:14587: $? = 0
configure:14587: result: yes
configure:14595: checking whether __INTEL_COMPILER is declared
configure:14595: /opt/android-ndk/toolchains/llvm/prebuilt/linux-x86_64/bin/aarch64-linux-android35-clang -c -O2  -I/work/androidsysroot/usr/include conftest.c >&5
conftest.c:77:10: error: use of undeclared identifier '__INTEL_COMPILER'
   77 |   (void) __INTEL_COMPILER;
      |          ^
1 error generated.
configure:14595: $? = 1
configure: failed program was:
| /* confdefs.h */
| #define PACKAGE_NAME "libX11"
| #define PACKAGE_TARNAME "libX11"
| #define PACKAGE_VERSION "1.8.13"
| #define PACKAGE_STRING "libX11 1.8.13"
| #define PACKAGE_BUGREPORT "https://gitlab.freedesktop.org/xorg/lib/libx11/-/issues"
| #define PACKAGE_URL ""
| #define HAVE_STDIO_H 1
| #define HAVE_STDLIB_H 1
| #define HAVE_STRING_H 1
| #define HAVE_INTTYPES_H 1
| #define HAVE_STDINT_H 1
| #define HAVE_STRINGS_H 1
| #define HAVE_SYS_STAT_H 1
| #define HAVE_SYS_TYPES_H 1
| #define HAVE_UNISTD_H 1
| #define HAVE_WCHAR_H 1
| #define HAVE_SYS_PARAM_H 1
| #define STDC_HEADERS 1
| #define _ALL_SOURCE 1
| #define _DARWIN_C_SOURCE 1
| #define _GNU_SOURCE 1
| #define _HPUX_ALT_XOPEN_SOCKET_API 1
| #define _NETBSD_SOURCE 1
| #define _OPENBSD_SOURCE 1
| #define _POSIX_PTHREAD_SEMANTICS 1
| #define __STDC_WANT_IEC_60559_ATTRIBS_EXT__ 1
| #define __STDC_WANT_IEC_60559_BFP_EXT__ 1
| #define __STDC_WANT_IEC_60559_DFP_EXT__ 1
| #define __STDC_WANT_IEC_60559_EXT__ 1
| #define __STDC_WANT_IEC_60559_FUNCS_EXT__ 1
| #define __STDC_WANT_IEC_60559_TYPES_EXT__ 1
| #define __STDC_WANT_LIB_EXT2__ 1
| #define __STDC_WANT_MATH_SPEC_FUNCS__ 1
| #define _TANDEM_SOURCE 1
| #define __EXTENSIONS__ 1
| #define PACKAGE "libX11"
| #define VERSION "1.8.13"
| #define HAVE_DLFCN_H 1
| #define LT_OBJDIR ".libs/"
| /* end confdefs.h.  */
| #include <stddef.h>
| #ifdef HAVE_STDIO_H
| # include <stdio.h>
| #endif
| #ifdef HAVE_STDLIB_H
| # include <stdlib.h>
| #endif
| #ifdef HAVE_STRING_H
| # include <string.h>
| #endif
| #ifdef HAVE_INTTYPES_H
| # include <inttypes.h>
| #endif
| #ifdef HAVE_STDINT_H
| # include <stdint.h>
| #endif
| #ifdef HAVE_STRINGS_H
| # include <strings.h>
| #endif
| #ifdef HAVE_SYS_TYPES_H
| # include <sys/types.h>
| #endif
| #ifdef HAVE_SYS_STAT_H
| # include <sys/stat.h>
| #endif
| #ifdef HAVE_UNISTD_H
| # include <unistd.h>
| #endif
| int
| main (void)
| {
| #ifndef __INTEL_COMPILER
| #ifdef __cplusplus
|   (void) __INTEL_COMPILER;
| #else
|   (void) __INTEL_COMPILER;
| #endif
| #endif
| 
|   ;
|   return 0;
| }
configure:14595: result: no
configure:14603: checking whether __SUNPRO_C is declared
configure:14603: /opt/android-ndk/toolchains/llvm/prebuilt/linux-x86_64/bin/aarch64-linux-android35-clang -c -O2  -I/work/androidsysroot/usr/include conftest.c >&5
conftest.c:77:10: error: use of undeclared identifier '__SUNPRO_C'
   77 |   (void) __SUNPRO_C;
      |          ^
1 error generated.
configure:14603: $? = 1
configure: failed program was:
| /* confdefs.h */
| #define PACKAGE_NAME "libX11"
| #define PACKAGE_TARNAME "libX11"
| #define PACKAGE_VERSION "1.8.13"
| #define PACKAGE_STRING "libX11 1.8.13"
| #define PACKAGE_BUGREPORT "https://gitlab.freedesktop.org/xorg/lib/libx11/-/issues"
| #define PACKAGE_URL ""
| #define HAVE_STDIO_H 1
| #define HAVE_STDLIB_H 1
| #define HAVE_STRING_H 1
| #define HAVE_INTTYPES_H 1
| #define HAVE_STDINT_H 1
| #define HAVE_STRINGS_H 1
| #define HAVE_SYS_STAT_H 1
| #define HAVE_SYS_TYPES_H 1
| #define HAVE_UNISTD_H 1
| #define HAVE_WCHAR_H 1
| #define HAVE_SYS_PARAM_H 1
| #define STDC_HEADERS 1
| #define _ALL_SOURCE 1
| #define _DARWIN_C_SOURCE 1
| #define _GNU_SOURCE 1
| #define _HPUX_ALT_XOPEN_SOCKET_API 1
| #define _NETBSD_SOURCE 1
| #define _OPENBSD_SOURCE 1
| #define _POSIX_PTHREAD_SEMANTICS 1
| #define __STDC_WANT_IEC_60559_ATTRIBS_EXT__ 1
| #define __STDC_WANT_IEC_60559_BFP_EXT__ 1
| #define __STDC_WANT_IEC_60559_DFP_EXT__ 1
| #define __STDC_WANT_IEC_60559_EXT__ 1
| #define __STDC_WANT_IEC_60559_FUNCS_EXT__ 1
| #define __STDC_WANT_IEC_60559_TYPES_EXT__ 1
| #define __STDC_WANT_LIB_EXT2__ 1
| #define __STDC_WANT_MATH_SPEC_FUNCS__ 1
| #define _TANDEM_SOURCE 1
| #define __EXTENSIONS__ 1
| #define PACKAGE "libX11"
| #define VERSION "1.8.13"
| #define HAVE_DLFCN_H 1
| #define LT_OBJDIR ".libs/"
| /* end confdefs.h.  */
| #include <stddef.h>
| #ifdef HAVE_STDIO_H
| # include <stdio.h>
| #endif
| #ifdef HAVE_STDLIB_H
| # include <stdlib.h>
| #endif
| #ifdef HAVE_STRING_H
| # include <string.h>
| #endif
| #ifdef HAVE_INTTYPES_H
| # include <inttypes.h>
| #endif
| #ifdef HAVE_STDINT_H
| # include <stdint.h>
| #endif
| #ifdef HAVE_STRINGS_H
| # include <strings.h>
| #endif
| #ifdef HAVE_SYS_TYPES_H
| # include <sys/types.h>
| #endif
| #ifdef HAVE_SYS_STAT_H
| # include <sys/stat.h>
| #endif
| #ifdef HAVE_UNISTD_H
| # include <unistd.h>
| #endif
| int
| main (void)
| {
| #ifndef __SUNPRO_C
| #ifdef __cplusplus
|   (void) __SUNPRO_C;
| #else
|   (void) __SUNPRO_C;
| #endif
| #endif
| 
|   ;
|   return 0;
| }
configure:14603: result: no
configure:14623: checking for aarch64-linux-android35-pkg-config
configure:14662: result: no
configure:14672: checking for pkg-config
configure:14695: found /usr/bin/pkg-config
configure:14708: result: /usr/bin/pkg-config
configure:14720: WARNING: using cross tools not prefixed with host triplet
configure:14733: checking pkg-config is at least version 0.9.0
configure:14736: result: yes
configure:14787: checking if /opt/android-ndk/toolchains/llvm/prebuilt/linux-x86_64/bin/aarch64-linux-android35-clang supports -Werror=unknown-warning-option
configure:14797: /opt/android-ndk/toolchains/llvm/prebuilt/linux-x86_64/bin/aarch64-linux-android35-clang -c -O2 -Werror=unknown-warning-option -I/work/androidsysroot/usr/include conftest.c >&5
configure:14797: $? = 0
configure:14807: result: yes
configure:14818: checking if /opt/android-ndk/toolchains/llvm/prebuilt/linux-x86_64/bin/aarch64-linux-android35-clang supports -Werror=unused-command-line-argument
configure:14828: /opt/android-ndk/toolchains/llvm/prebuilt/linux-x86_64/bin/aarch64-linux-android35-clang -c -O2 -Werror=unknown-warning-option -Werror=unused-command-line-argument -I/work/androidsysroot/usr/include conftest.c >&5
configure:14828: $? = 0
configure:14838: result: yes
configure:14857: checking if /opt/android-ndk/toolchains/llvm/prebuilt/linux-x86_64/bin/aarch64-linux-android35-clang supports -Wall
configure:14875: /opt/android-ndk/toolchains/llvm/prebuilt/linux-x86_64/bin/aarch64-linux-android35-clang -o conftest -O2 -Werror=unknown-warning-option -Werror=unused-command-line-argument -Wall -I/work/androidsysroot/usr/include -L/work/androidsysroot/usr/lib conftest.c  >&5
configure:14875: $? = 0
configure:14891: result: yes
configure:14987: checking if /opt/android-ndk/toolchains/llvm/prebuilt/linux-x86_64/bin/aarch64-linux-android35-clang supports -Wpointer-arith
configure:15005: /opt/android-ndk/toolchains/llvm/prebuilt/linux-x86_64/bin/aarch64-linux-android35-clang -o conftest -O2 -Werror=unknown-warning-option -Werror=unused-command-line-argument -Wpointer-arith -I/work/androidsysroot/usr/include -L/work/androidsysroot/usr/lib conftest.c  >&5
configure:15005: $? = 0
configure:15021: result: yes
configure:15117: checking if /opt/android-ndk/toolchains/llvm/prebuilt/linux-x86_64/bin/aarch64-linux-android35-clang supports -Wmissing-declarations
configure:15135: /opt/android-ndk/toolchains/llvm/prebuilt/linux-x86_64/bin/aarch64-linux-android35-clang -o conftest -O2 -Werror=unknown-warning-option -Werror=unused-command-line-argument -Wmissing-declarations -I/work/androidsysroot/usr/include -L/work/androidsysroot/usr/lib conftest.c  >&5
configure:15135: $? = 0
configure:15151: result: yes
configure:15247: checking if /opt/android-ndk/toolchains/llvm/prebuilt/linux-x86_64/bin/aarch64-linux-android35-clang supports -Wformat=2
configure:15265: /opt/android-ndk/toolchains/llvm/prebuilt/linux-x86_64/bin/aarch64-linux-android35-clang -o conftest -O2 -Werror=unknown-warning-option -Werror=unused-command-line-argument -Wformat=2 -I/work/androidsysroot/usr/include -L/work/androidsysroot/usr/lib conftest.c  >&5
configure:15265: $? = 0
configure:15281: result: yes
configure:15432: checking if /opt/android-ndk/toolchains/llvm/prebuilt/linux-x86_64/bin/aarch64-linux-android35-clang supports -Wstrict-prototypes
configure:15450: /opt/android-ndk/toolchains/llvm/prebuilt/linux-x86_64/bin/aarch64-linux-android35-clang -o conftest -O2 -Werror=unknown-warning-option -Werror=unused-command-line-argument -Wstrict-prototypes -I/work/androidsysroot/usr/include -L/work/androidsysroot/usr/lib conftest.c  >&5
configure:15450: $? = 0
configure:15466: result: yes
configure:15562: checking if /opt/android-ndk/toolchains/llvm/prebuilt/linux-x86_64/bin/aarch64-linux-android35-clang supports -Wmissing-prototypes
configure:15580: /opt/android-ndk/toolchains/llvm/prebuilt/linux-x86_64/bin/aarch64-linux-android35-clang -o conftest -O2 -Werror=unknown-warning-option -Werror=unused-command-line-argument -Wmissing-prototypes -I/work/androidsysroot/usr/include -L/work/androidsysroot/usr/lib conftest.c  >&5
configure:15580: $? = 0
configure:15596: result: yes
configure:15692: checking if /opt/android-ndk/toolchains/llvm/prebuilt/linux-x86_64/bin/aarch64-linux-android35-clang supports -Wnested-externs
configure:15710: /opt/android-ndk/toolchains/llvm/prebuilt/linux-x86_64/bin/aarch64-linux-android35-clang -o conftest -O2 -Werror=unknown-warning-option -Werror=unused-command-line-argument -Wnested-externs -I/work/androidsysroot/usr/include -L/work/androidsysroot/usr/lib conftest.c  >&5
configure:15710: $? = 0
configure:15726: result: yes
configure:15822: checking if /opt/android-ndk/toolchains/llvm/prebuilt/linux-x86_64/bin/aarch64-linux-android35-clang supports -Wbad-function-cast
configure:15840: /opt/android-ndk/toolchains/llvm/prebuilt/linux-x86_64/bin/aarch64-linux-android35-clang -o conftest -O2 -Werror=unknown-warning-option -Werror=unused-command-line-argument -Wbad-function-cast -I/work/androidsysroot/usr/include -L/work/androidsysroot/usr/lib conftest.c  >&5
configure:15840: $? = 0
configure:15856: result: yes
configure:15952: checking if /opt/android-ndk/toolchains/llvm/prebuilt/linux-x86_64/bin/aarch64-linux-android35-clang supports -Wold-style-definition
configure:15970: /opt/android-ndk/toolchains/llvm/prebuilt/linux-x86_64/bin/aarch64-linux-android35-clang -o conftest -O2 -Werror=unknown-warning-option -Werror=unused-command-line-argument -Wold-style-definition -I/work/androidsysroot/usr/include -L/work/androidsysroot/usr/lib conftest.c  >&5
configure:15970: $? = 0
configure:15986: result: yes
configure:16139: checking if /opt/android-ndk/toolchains/llvm/prebuilt/linux-x86_64/bin/aarch64-linux-android35-clang supports -Wunused
configure:16157: /opt/android-ndk/toolchains/llvm/prebuilt/linux-x86_64/bin/aarch64-linux-android35-clang -o conftest -O2 -Werror=unknown-warning-option -Werror=unused-command-line-argument -Wunused -I/work/androidsysroot/usr/include -L/work/androidsysroot/usr/lib conftest.c  >&5
configure:16157: $? = 0
configure:16173: result: yes
configure:16269: checking if /opt/android-ndk/toolchains/llvm/prebuilt/linux-x86_64/bin/aarch64-linux-android35-clang supports -Wuninitialized
configure:16287: /opt/android-ndk/toolchains/llvm/prebuilt/linux-x86_64/bin/aarch64-linux-android35-clang -o conftest -O2 -Werror=unknown-warning-option -Werror=unused-command-line-argument -Wuninitialized -I/work/androidsysroot/usr/include -L/work/androidsysroot/usr/lib conftest.c  >&5
configure:16287: $? = 0
configure:16303: result: yes
configure:16399: checking if /opt/android-ndk/toolchains/llvm/prebuilt/linux-x86_64/bin/aarch64-linux-android35-clang supports -Wshadow
configure:16417: /opt/android-ndk/toolchains/llvm/prebuilt/linux-x86_64/bin/aarch64-linux-android35-clang -o conftest -O2 -Werror=unknown-warning-option -Werror=unused-command-line-argument -Wshadow -I/work/androidsysroot/usr/include -L/work/androidsysroot/usr/lib conftest.c  >&5
configure:16417: $? = 0
configure:16433: result: yes
configure:16529: checking if /opt/android-ndk/toolchains/llvm/prebuilt/linux-x86_64/bin/aarch64-linux-android35-clang supports -Wmissing-noreturn
configure:16547: /opt/android-ndk/toolchains/llvm/prebuilt/linux-x86_64/bin/aarch64-linux-android35-clang -o conftest -O2 -Werror=unknown-warning-option -Werror=unused-command-line-argument -Wmissing-noreturn -I/work/androidsysroot/usr/include -L/work/androidsysroot/usr/lib conftest.c  >&5
configure:16547: $? = 0
configure:16563: result: yes
configure:16659: checking if /opt/android-ndk/toolchains/llvm/prebuilt/linux-x86_64/bin/aarch64-linux-android35-clang supports -Wmissing-format-attribute
configure:16677: /opt/android-ndk/toolchains/llvm/prebuilt/linux-x86_64/bin/aarch64-linux-android35-clang -o conftest -O2 -Werror=unknown-warning-option -Werror=unused-command-line-argument -Wmissing-format-attribute -I/work/androidsysroot/usr/include -L/work/androidsysroot/usr/lib conftest.c  >&5
configure:16677: $? = 0
configure:16693: result: yes
configure:16789: checking if /opt/android-ndk/toolchains/llvm/prebuilt/linux-x86_64/bin/aarch64-linux-android35-clang supports -Wredundant-decls
configure:16807: /opt/android-ndk/toolchains/llvm/prebuilt/linux-x86_64/bin/aarch64-linux-android35-clang -o conftest -O2 -Werror=unknown-warning-option -Werror=unused-command-line-argument -Wredundant-decls -I/work/androidsysroot/usr/include -L/work/androidsysroot/usr/lib conftest.c  >&5
configure:16807: $? = 0
configure:16823: result: yes
configure:16919: checking if /opt/android-ndk/toolchains/llvm/prebuilt/linux-x86_64/bin/aarch64-linux-android35-clang supports -Wlogical-op
configure:16937: /opt/android-ndk/toolchains/llvm/prebuilt/linux-x86_64/bin/aarch64-linux-android35-clang -o conftest -O2 -Werror=unknown-warning-option -Werror=unused-command-line-argument -Wlogical-op -I/work/androidsysroot/usr/include -L/work/androidsysroot/usr/lib conftest.c  >&5
error: unknown warning option '-Wlogical-op'; did you mean '-Wlong-long'? [-Werror,-Wunknown-warning-option]
configure:16937: $? = 1
configure: failed program was:
| /* confdefs.h */
| #define PACKAGE_NAME "libX11"
| #define PACKAGE_TARNAME "libX11"
| #define PACKAGE_VERSION "1.8.13"
| #define PACKAGE_STRING "libX11 1.8.13"
| #define PACKAGE_BUGREPORT "https://gitlab.freedesktop.org/xorg/lib/libx11/-/issues"
| #define PACKAGE_URL ""
| #define HAVE_STDIO_H 1
| #define HAVE_STDLIB_H 1
| #define HAVE_STRING_H 1
| #define HAVE_INTTYPES_H 1
| #define HAVE_STDINT_H 1
| #define HAVE_STRINGS_H 1
| #define HAVE_SYS_STAT_H 1
| #define HAVE_SYS_TYPES_H 1
| #define HAVE_UNISTD_H 1
| #define HAVE_WCHAR_H 1
| #define HAVE_SYS_PARAM_H 1
| #define STDC_HEADERS 1
| #define _ALL_SOURCE 1
| #define _DARWIN_C_SOURCE 1
| #define _GNU_SOURCE 1
| #define _HPUX_ALT_XOPEN_SOCKET_API 1
| #define _NETBSD_SOURCE 1
| #define _OPENBSD_SOURCE 1
| #define _POSIX_PTHREAD_SEMANTICS 1
| #define __STDC_WANT_IEC_60559_ATTRIBS_EXT__ 1
| #define __STDC_WANT_IEC_60559_BFP_EXT__ 1
| #define __STDC_WANT_IEC_60559_DFP_EXT__ 1
| #define __STDC_WANT_IEC_60559_EXT__ 1
| #define __STDC_WANT_IEC_60559_FUNCS_EXT__ 1
| #define __STDC_WANT_IEC_60559_TYPES_EXT__ 1
| #define __STDC_WANT_LIB_EXT2__ 1
| #define __STDC_WANT_MATH_SPEC_FUNCS__ 1
| #define _TANDEM_SOURCE 1
| #define __EXTENSIONS__ 1
| #define PACKAGE "libX11"
| #define VERSION "1.8.13"
| #define HAVE_DLFCN_H 1
| #define LT_OBJDIR ".libs/"
| /* end confdefs.h.  */
| int i;
| int
| main (void)
| {
| 
|   ;
|   return 0;
| }
configure:16953: result: no
configure:17061: checking if /opt/android-ndk/toolchains/llvm/prebuilt/linux-x86_64/bin/aarch64-linux-android35-clang supports -Werror=implicit
configure:17079: /opt/android-ndk/toolchains/llvm/prebuilt/linux-x86_64/bin/aarch64-linux-android35-clang -o conftest -O2 -Werror=unknown-warning-option -Werror=unused-command-line-argument -Werror=implicit -I/work/androidsysroot/usr/include -L/work/androidsysroot/usr/lib conftest.c  >&5
configure:17079: $? = 0
configure:17095: result: yes
configure:17244: checking if /opt/android-ndk/toolchains/llvm/prebuilt/linux-x86_64/bin/aarch64-linux-android35-clang supports -Werror=nonnull
configure:17262: /opt/android-ndk/toolchains/llvm/prebuilt/linux-x86_64/bin/aarch64-linux-android35-clang -o conftest -O2 -Werror=unknown-warning-option -Werror=unused-command-line-argument -Werror=nonnull -I/work/androidsysroot/usr/include -L/work/androidsysroot/usr/lib conftest.c  >&5
configure:17262: $? = 0
configure:17278: result: yes
configure:17374: checking if /opt/android-ndk/toolchains/llvm/prebuilt/linux-x86_64/bin/aarch64-linux-android35-clang supports -Werror=init-self
configure:17392: /opt/android-ndk/toolchains/llvm/prebuilt/linux-x86_64/bin/aarch64-linux-android35-clang -o conftest -O2 -Werror=unknown-warning-option -Werror=unused-command-line-argument -Werror=init-self -I/work/androidsysroot/usr/include -L/work/androidsysroot/usr/lib conftest.c  >&5
configure:17392: $? = 0
configure:17408: result: yes
configure:17504: checking if /opt/android-ndk/toolchains/llvm/prebuilt/linux-x86_64/bin/aarch64-linux-android35-clang supports -Werror=main
configure:17522: /opt/android-ndk/toolchains/llvm/prebuilt/linux-x86_64/bin/aarch64-linux-android35-clang -o conftest -O2 -Werror=unknown-warning-option -Werror=unused-command-line-argument -Werror=main -I/work/androidsysroot/usr/include -L/work/androidsysroot/usr/lib conftest.c  >&5
configure:17522: $? = 0
configure:17538: result: yes
configure:17634: checking if /opt/android-ndk/toolchains/llvm/prebuilt/linux-x86_64/bin/aarch64-linux-android35-clang supports -Werror=missing-braces
configure:17652: /opt/android-ndk/toolchains/llvm/prebuilt/linux-x86_64/bin/aarch64-linux-android35-clang -o conftest -O2 -Werror=unknown-warning-option -Werror=unused-command-line-argument -Werror=missing-braces -I/work/androidsysroot/usr/include -L/work/androidsysroot/usr/lib conftest.c  >&5
configure:17652: $? = 0
configure:17668: result: yes
configure:17764: checking if /opt/android-ndk/toolchains/llvm/prebuilt/linux-x86_64/bin/aarch64-linux-android35-clang supports -Werror=sequence-point
configure:17782: /opt/android-ndk/toolchains/llvm/prebuilt/linux-x86_64/bin/aarch64-linux-android35-clang -o conftest -O2 -Werror=unknown-warning-option -Werror=unused-command-line-argument -Werror=sequence-point -I/work/androidsysroot/usr/include -L/work/androidsysroot/usr/lib conftest.c  >&5
configure:17782: $? = 0
configure:17798: result: yes
configure:17894: checking if /opt/android-ndk/toolchains/llvm/prebuilt/linux-x86_64/bin/aarch64-linux-android35-clang supports -Werror=return-type
configure:17912: /opt/android-ndk/toolchains/llvm/prebuilt/linux-x86_64/bin/aarch64-linux-android35-clang -o conftest -O2 -Werror=unknown-warning-option -Werror=unused-command-line-argument -Werror=return-type -I/work/androidsysroot/usr/include -L/work/androidsysroot/usr/lib conftest.c  >&5
configure:17912: $? = 0
configure:17928: result: yes
configure:18077: checking if /opt/android-ndk/toolchains/llvm/prebuilt/linux-x86_64/bin/aarch64-linux-android35-clang supports -Werror=trigraphs
configure:18095: /opt/android-ndk/toolchains/llvm/prebuilt/linux-x86_64/bin/aarch64-linux-android35-clang -o conftest -O2 -Werror=unknown-warning-option -Werror=unused-command-line-argument -Werror=trigraphs -I/work/androidsysroot/usr/include -L/work/androidsysroot/usr/lib conftest.c  >&5
configure:18095: $? = 0
configure:18111: result: yes
configure:18207: checking if /opt/android-ndk/toolchains/llvm/prebuilt/linux-x86_64/bin/aarch64-linux-android35-clang supports -Werror=array-bounds
configure:18225: /opt/android-ndk/toolchains/llvm/prebuilt/linux-x86_64/bin/aarch64-linux-android35-clang -o conftest -O2 -Werror=unknown-warning-option -Werror=unused-command-line-argument -Werror=array-bounds -I/work/androidsysroot/usr/include -L/work/androidsysroot/usr/lib conftest.c  >&5
configure:18225: $? = 0
configure:18241: result: yes
configure:18337: checking if /opt/android-ndk/toolchains/llvm/prebuilt/linux-x86_64/bin/aarch64-linux-android35-clang supports -Werror=write-strings
configure:18355: /opt/android-ndk/toolchains/llvm/prebuilt/linux-x86_64/bin/aarch64-linux-android35-clang -o conftest -O2 -Werror=unknown-warning-option -Werror=unused-command-line-argument -Werror=write-strings -I/work/androidsysroot/usr/include -L/work/androidsysroot/usr/lib conftest.c  >&5
configure:18355: $? = 0
configure:18371: result: yes
configure:18467: checking if /opt/android-ndk/toolchains/llvm/prebuilt/linux-x86_64/bin/aarch64-linux-android35-clang supports -Werror=address
configure:18485: /opt/android-ndk/toolchains/llvm/prebuilt/linux-x86_64/bin/aarch64-linux-android35-clang -o conftest -O2 -Werror=unknown-warning-option -Werror=unused-command-line-argument -Werror=address -I/work/androidsysroot/usr/include -L/work/androidsysroot/usr/lib conftest.c  >&5
configure:18485: $? = 0
configure:18501: result: yes
configure:18597: checking if /opt/android-ndk/toolchains/llvm/prebuilt/linux-x86_64/bin/aarch64-linux-android35-clang supports -Werror=int-to-pointer-cast
configure:18615: /opt/android-ndk/toolchains/llvm/prebuilt/linux-x86_64/bin/aarch64-linux-android35-clang -o conftest -O2 -Werror=unknown-warning-option -Werror=unused-command-line-argument -Werror=int-to-pointer-cast -I/work/androidsysroot/usr/include -L/work/androidsysroot/usr/lib conftest.c  >&5
configure:18615: $? = 0
configure:18631: result: yes
configure:18780: checking if /opt/android-ndk/toolchains/llvm/prebuilt/linux-x86_64/bin/aarch64-linux-android35-clang supports -Werror=pointer-to-int-cast
configure:18798: /opt/android-ndk/toolchains/llvm/prebuilt/linux-x86_64/bin/aarch64-linux-android35-clang -o conftest -O2 -Werror=unknown-warning-option -Werror=unused-command-line-argument -Werror=pointer-to-int-cast -I/work/androidsysroot/usr/include -L/work/androidsysroot/usr/lib conftest.c  >&5
configure:18798: $? = 0
configure:18814: result: yes
configure:20638: checking if /opt/android-ndk/toolchains/llvm/prebuilt/linux-x86_64/bin/aarch64-linux-android35-clang supports -pedantic
configure:20656: /opt/android-ndk/toolchains/llvm/prebuilt/linux-x86_64/bin/aarch64-linux-android35-clang -o conftest -O2 -Werror=unknown-warning-option -Werror=unused-command-line-argument -pedantic -I/work/androidsysroot/usr/include -L/work/androidsysroot/usr/lib conftest.c  >&5
configure:20656: $? = 0
configure:20672: result: yes
configure:20768: checking if /opt/android-ndk/toolchains/llvm/prebuilt/linux-x86_64/bin/aarch64-linux-android35-clang supports -Werror
configure:20786: /opt/android-ndk/toolchains/llvm/prebuilt/linux-x86_64/bin/aarch64-linux-android35-clang -o conftest -O2 -Werror=unknown-warning-option -Werror=unused-command-line-argument -Werror -I/work/androidsysroot/usr/include -L/work/androidsysroot/usr/lib conftest.c  >&5
configure:20786: $? = 0
configure:20802: result: yes
configure:20954: checking if /opt/android-ndk/toolchains/llvm/prebuilt/linux-x86_64/bin/aarch64-linux-android35-clang supports -Werror=attributes
configure:20972: /opt/android-ndk/toolchains/llvm/prebuilt/linux-x86_64/bin/aarch64-linux-android35-clang -o conftest -O2 -Werror=unknown-warning-option -Werror=unused-command-line-argument -Werror=attributes -I/work/androidsysroot/usr/include -L/work/androidsysroot/usr/lib conftest.c  >&5
configure:20972: $? = 0
configure:20988: result: yes
configure:21197: checking whether to build functional specifications
configure:21199: result: no
configure:21692: checking for X.Org SGML entities >= 1.10
configure:21696: $PKG_CONFIG --exists --print-errors "xorg-sgml-doctools >= 1.10"
Package xorg-sgml-doctools was not found in the pkg-config search path.
Perhaps you should add the directory containing `xorg-sgml-doctools.pc'
to the PKG_CONFIG_PATH environment variable
Package 'xorg-sgml-doctools', required by 'virtual:world', not found
configure:21699: $? = 1
configure:21715: result: no
configure:21736: checking how to run the C preprocessor
configure:21762: /opt/android-ndk/toolchains/llvm/prebuilt/linux-x86_64/bin/aarch64-linux-android35-clang -E -I/work/androidsysroot/usr/include conftest.c
configure:21762: $? = 0
configure:21778: /opt/android-ndk/toolchains/llvm/prebuilt/linux-x86_64/bin/aarch64-linux-android35-clang -E -I/work/androidsysroot/usr/include conftest.c
conftest.c:45:10: fatal error: 'ac_nonexistent.h' file not found
   45 | #include <ac_nonexistent.h>
      |          ^~~~~~~~~~~~~~~~~~
1 error generated.
configure:21778: $? = 1
configure: failed program was:
| /* confdefs.h */
| #define PACKAGE_NAME "libX11"
| #define PACKAGE_TARNAME "libX11"
| #define PACKAGE_VERSION "1.8.13"
| #define PACKAGE_STRING "libX11 1.8.13"
| #define PACKAGE_BUGREPORT "https://gitlab.freedesktop.org/xorg/lib/libx11/-/issues"
| #define PACKAGE_URL ""
| #define HAVE_STDIO_H 1
| #define HAVE_STDLIB_H 1
| #define HAVE_STRING_H 1
| #define HAVE_INTTYPES_H 1
| #define HAVE_STDINT_H 1
| #define HAVE_STRINGS_H 1
| #define HAVE_SYS_STAT_H 1
| #define HAVE_SYS_TYPES_H 1
| #define HAVE_UNISTD_H 1
| #define HAVE_WCHAR_H 1
| #define HAVE_SYS_PARAM_H 1
| #define STDC_HEADERS 1
| #define _ALL_SOURCE 1
| #define _DARWIN_C_SOURCE 1
| #define _GNU_SOURCE 1
| #define _HPUX_ALT_XOPEN_SOCKET_API 1
| #define _NETBSD_SOURCE 1
| #define _OPENBSD_SOURCE 1
| #define _POSIX_PTHREAD_SEMANTICS 1
| #define __STDC_WANT_IEC_60559_ATTRIBS_EXT__ 1
| #define __STDC_WANT_IEC_60559_BFP_EXT__ 1
| #define __STDC_WANT_IEC_60559_DFP_EXT__ 1
| #define __STDC_WANT_IEC_60559_EXT__ 1
| #define __STDC_WANT_IEC_60559_FUNCS_EXT__ 1
| #define __STDC_WANT_IEC_60559_TYPES_EXT__ 1
| #define __STDC_WANT_LIB_EXT2__ 1
| #define __STDC_WANT_MATH_SPEC_FUNCS__ 1
| #define _TANDEM_SOURCE 1
| #define __EXTENSIONS__ 1
| #define PACKAGE "libX11"
| #define VERSION "1.8.13"
| #define HAVE_DLFCN_H 1
| #define LT_OBJDIR ".libs/"
| #define PACKAGE_VERSION_MAJOR 1
| #define PACKAGE_VERSION_MINOR 8
| #define PACKAGE_VERSION_PATCHLEVEL 13
| /* end confdefs.h.  */
| #include <ac_nonexistent.h>
configure:21807: result: /opt/android-ndk/toolchains/llvm/prebuilt/linux-x86_64/bin/aarch64-linux-android35-clang -E
configure:21821: /opt/android-ndk/toolchains/llvm/prebuilt/linux-x86_64/bin/aarch64-linux-android35-clang -E -I/work/androidsysroot/usr/include conftest.c
configure:21821: $? = 0
configure:21837: /opt/android-ndk/toolchains/llvm/prebuilt/linux-x86_64/bin/aarch64-linux-android35-clang -E -I/work/androidsysroot/usr/include conftest.c
conftest.c:45:10: fatal error: 'ac_nonexistent.h' file not found
   45 | #include <ac_nonexistent.h>
      |          ^~~~~~~~~~~~~~~~~~
1 error generated.
configure:21837: $? = 1
configure: failed program was:
| /* confdefs.h */
| #define PACKAGE_NAME "libX11"
| #define PACKAGE_TARNAME "libX11"
| #define PACKAGE_VERSION "1.8.13"
| #define PACKAGE_STRING "libX11 1.8.13"
| #define PACKAGE_BUGREPORT "https://gitlab.freedesktop.org/xorg/lib/libx11/-/issues"
| #define PACKAGE_URL ""
| #define HAVE_STDIO_H 1
| #define HAVE_STDLIB_H 1
| #define HAVE_STRING_H 1
| #define HAVE_INTTYPES_H 1
| #define HAVE_STDINT_H 1
| #define HAVE_STRINGS_H 1
| #define HAVE_SYS_STAT_H 1
| #define HAVE_SYS_TYPES_H 1
| #define HAVE_UNISTD_H 1
| #define HAVE_WCHAR_H 1
| #define HAVE_SYS_PARAM_H 1
| #define STDC_HEADERS 1
| #define _ALL_SOURCE 1
| #define _DARWIN_C_SOURCE 1
| #define _GNU_SOURCE 1
| #define _HPUX_ALT_XOPEN_SOCKET_API 1
| #define _NETBSD_SOURCE 1
| #define _OPENBSD_SOURCE 1
| #define _POSIX_PTHREAD_SEMANTICS 1
| #define __STDC_WANT_IEC_60559_ATTRIBS_EXT__ 1
| #define __STDC_WANT_IEC_60559_BFP_EXT__ 1
| #define __STDC_WANT_IEC_60559_DFP_EXT__ 1
| #define __STDC_WANT_IEC_60559_EXT__ 1
| #define __STDC_WANT_IEC_60559_FUNCS_EXT__ 1
| #define __STDC_WANT_IEC_60559_TYPES_EXT__ 1
| #define __STDC_WANT_LIB_EXT2__ 1
| #define __STDC_WANT_MATH_SPEC_FUNCS__ 1
| #define _TANDEM_SOURCE 1
| #define __EXTENSIONS__ 1
| #define PACKAGE "libX11"
| #define VERSION "1.8.13"
| #define HAVE_DLFCN_H 1
| #define LT_OBJDIR ".libs/"
| #define PACKAGE_VERSION_MAJOR 1
| #define PACKAGE_VERSION_MINOR 8
| #define PACKAGE_VERSION_PATCHLEVEL 13
| /* end confdefs.h.  */
| #include <ac_nonexistent.h>
configure:21874: checking for aarch64-linux-android35-cpp
configure:21914: result: no
configure:21924: checking for cpp
configure:21948: found /usr/bin/cpp
configure:21961: result: /usr/bin/cpp
configure:21987: checking if /usr/bin/cpp requires -undef
configure:21999: result: yes
configure:22012: checking if /usr/bin/cpp requires -traditional
configure:22025: result: yes
configure:22055: checking for perl
configure:22078: found /usr/bin/perl
configure:22091: result: /usr/bin/perl
configure:22189: checking for aarch64-linux-android35-pkg-config
configure:22225: result: /usr/bin/pkg-config
configure:22299: checking pkg-config is at least version 0.9.0
configure:22302: result: yes
configure:22317: checking for gcc
configure:22338: found /usr/bin/gcc
configure:22350: result: gcc
configure:22413: checking for aarch64-linux-android35-pkg-config
configure:22449: result: /usr/bin/pkg-config
configure:22523: checking pkg-config is at least version 0.9.0
configure:22526: result: yes
configure:22562: checking if Xtrans should support UNIX socket connections
configure:22569: result: yes
configure:22580: checking if Xtrans should support TCP socket connections
configure:22582: result: yes
configure:22590: checking for library containing socket
configure:22626: /opt/android-ndk/toolchains/llvm/prebuilt/linux-x86_64/bin/aarch64-linux-android35-clang -o conftest -O2 -I/work/androidsysroot/usr/include -L/work/androidsysroot/usr/lib conftest.c  >&5
configure:22626: $? = 0
configure:22648: result: none required
configure:22657: checking for library containing gethostbyname
configure:22693: /opt/android-ndk/toolchains/llvm/prebuilt/linux-x86_64/bin/aarch64-linux-android35-clang -o conftest -O2 -I/work/androidsysroot/usr/include -L/work/androidsysroot/usr/lib conftest.c  >&5
configure:22693: $? = 0
configure:22715: result: none required
configure:22770: checking for getaddrinfo
configure:22770: /opt/android-ndk/toolchains/llvm/prebuilt/linux-x86_64/bin/aarch64-linux-android35-clang -o conftest -O2 -I/work/androidsysroot/usr/include -L/work/androidsysroot/usr/lib conftest.c  >&5
configure:22770: $? = 0
configure:22770: result: yes
configure:22776: checking for inet_ntop
configure:22776: /opt/android-ndk/toolchains/llvm/prebuilt/linux-x86_64/bin/aarch64-linux-android35-clang -o conftest -O2 -I/work/androidsysroot/usr/include -L/work/androidsysroot/usr/lib conftest.c  >&5
configure:22776: $? = 0
configure:22776: result: yes
configure:22793: checking if IPv6 support should be built
configure:22800: result: yes
configure:22804: checking for struct sockaddr_in.sin_len
configure:22804: /opt/android-ndk/toolchains/llvm/prebuilt/linux-x86_64/bin/aarch64-linux-android35-clang -c -O2 -I/work/androidsysroot/usr/include conftest.c >&5
conftest.c:60:13: error: no member named 'sin_len' in 'struct sockaddr_in'
   60 | if (ac_aggr.sin_len)
      |     ~~~~~~~ ^
1 error generated.
configure:22804: $? = 1
configure: failed program was:
| /* confdefs.h */
| #define PACKAGE_NAME "libX11"
| #define PACKAGE_TARNAME "libX11"
| #define PACKAGE_VERSION "1.8.13"
| #define PACKAGE_STRING "libX11 1.8.13"
| #define PACKAGE_BUGREPORT "https://gitlab.freedesktop.org/xorg/lib/libx11/-/issues"
| #define PACKAGE_URL ""
| #define HAVE_STDIO_H 1
| #define HAVE_STDLIB_H 1
| #define HAVE_STRING_H 1
| #define HAVE_INTTYPES_H 1
| #define HAVE_STDINT_H 1
| #define HAVE_STRINGS_H 1
| #define HAVE_SYS_STAT_H 1
| #define HAVE_SYS_TYPES_H 1
| #define HAVE_UNISTD_H 1
| #define HAVE_WCHAR_H 1
| #define HAVE_SYS_PARAM_H 1
| #define STDC_HEADERS 1
| #define _ALL_SOURCE 1
| #define _DARWIN_C_SOURCE 1
| #define _GNU_SOURCE 1
| #define _HPUX_ALT_XOPEN_SOCKET_API 1
| #define _NETBSD_SOURCE 1
| #define _OPENBSD_SOURCE 1
| #define _POSIX_PTHREAD_SEMANTICS 1
| #define __STDC_WANT_IEC_60559_ATTRIBS_EXT__ 1
| #define __STDC_WANT_IEC_60559_BFP_EXT__ 1
| #define __STDC_WANT_IEC_60559_DFP_EXT__ 1
| #define __STDC_WANT_IEC_60559_EXT__ 1
| #define __STDC_WANT_IEC_60559_FUNCS_EXT__ 1
| #define __STDC_WANT_IEC_60559_TYPES_EXT__ 1
| #define __STDC_WANT_LIB_EXT2__ 1
| #define __STDC_WANT_MATH_SPEC_FUNCS__ 1
| #define _TANDEM_SOURCE 1
| #define __EXTENSIONS__ 1
| #define PACKAGE "libX11"
| #define VERSION "1.8.13"
| #define HAVE_DLFCN_H 1
| #define LT_OBJDIR ".libs/"
| #define PACKAGE_VERSION_MAJOR 1
| #define PACKAGE_VERSION_MINOR 8
| #define PACKAGE_VERSION_PATCHLEVEL 13
| #define UNIXCONN 1
| #define TCPCONN 1
| #define HAVE_GETADDRINFO 1
| #define HAVE_INET_NTOP 1
| #define IPv6 1
| /* end confdefs.h.  */
| 
| #include <sys/types.h>
| #include <sys/socket.h>
| #include <netinet/in.h>
| 
| 
| int
| main (void)
| {
| static struct sockaddr_in ac_aggr;
| if (ac_aggr.sin_len)
| return 0;
|   ;
|   return 0;
| }
configure:22804: /opt/android-ndk/toolchains/llvm/prebuilt/linux-x86_64/bin/aarch64-linux-android35-clang -c -O2 -I/work/androidsysroot/usr/include conftest.c >&5
conftest.c:60:20: error: no member named 'sin_len' in 'struct sockaddr_in'
   60 | if (sizeof ac_aggr.sin_len)
      |            ~~~~~~~ ^
1 error generated.
configure:22804: $? = 1
configure: failed program was:
| /* confdefs.h */
| #define PACKAGE_NAME "libX11"
| #define PACKAGE_TARNAME "libX11"
| #define PACKAGE_VERSION "1.8.13"
| #define PACKAGE_STRING "libX11 1.8.13"
| #define PACKAGE_BUGREPORT "https://gitlab.freedesktop.org/xorg/lib/libx11/-/issues"
| #define PACKAGE_URL ""
| #define HAVE_STDIO_H 1
| #define HAVE_STDLIB_H 1
| #define HAVE_STRING_H 1
| #define HAVE_INTTYPES_H 1
| #define HAVE_STDINT_H 1
| #define HAVE_STRINGS_H 1
| #define HAVE_SYS_STAT_H 1
| #define HAVE_SYS_TYPES_H 1
| #define HAVE_UNISTD_H 1
| #define HAVE_WCHAR_H 1
| #define HAVE_SYS_PARAM_H 1
| #define STDC_HEADERS 1
| #define _ALL_SOURCE 1
| #define _DARWIN_C_SOURCE 1
| #define _GNU_SOURCE 1
| #define _HPUX_ALT_XOPEN_SOCKET_API 1
| #define _NETBSD_SOURCE 1
| #define _OPENBSD_SOURCE 1
| #define _POSIX_PTHREAD_SEMANTICS 1
| #define __STDC_WANT_IEC_60559_ATTRIBS_EXT__ 1
| #define __STDC_WANT_IEC_60559_BFP_EXT__ 1
| #define __STDC_WANT_IEC_60559_DFP_EXT__ 1
| #define __STDC_WANT_IEC_60559_EXT__ 1
| #define __STDC_WANT_IEC_60559_FUNCS_EXT__ 1
| #define __STDC_WANT_IEC_60559_TYPES_EXT__ 1
| #define __STDC_WANT_LIB_EXT2__ 1
| #define __STDC_WANT_MATH_SPEC_FUNCS__ 1
| #define _TANDEM_SOURCE 1
| #define __EXTENSIONS__ 1
| #define PACKAGE "libX11"
| #define VERSION "1.8.13"
| #define HAVE_DLFCN_H 1
| #define LT_OBJDIR ".libs/"
| #define PACKAGE_VERSION_MAJOR 1
| #define PACKAGE_VERSION_MINOR 8
| #define PACKAGE_VERSION_PATCHLEVEL 13
| #define UNIXCONN 1
| #define TCPCONN 1
| #define HAVE_GETADDRINFO 1
| #define HAVE_INET_NTOP 1
| #define IPv6 1
| /* end confdefs.h.  */
| 
| #include <sys/types.h>
| #include <sys/socket.h>
| #include <netinet/in.h>
| 
| 
| int
| main (void)
| {
| static struct sockaddr_in ac_aggr;
| if (sizeof ac_aggr.sin_len)
| return 0;
|   ;
|   return 0;
| }
configure:22804: result: no
configure:22820: checking for socklen_t
configure:22820: /opt/android-ndk/toolchains/llvm/prebuilt/linux-x86_64/bin/aarch64-linux-android35-clang -c -O2 -I/work/androidsysroot/usr/include conftest.c >&5
configure:22820: $? = 0
configure:22820: /opt/android-ndk/toolchains/llvm/prebuilt/linux-x86_64/bin/aarch64-linux-android35-clang -c -O2 -I/work/androidsysroot/usr/include conftest.c >&5
conftest.c:85:24: error: expected expression
   85 | if (sizeof ((socklen_t)))
      |                        ^
1 error generated.
configure:22820: $? = 1
configure: failed program was:
| /* confdefs.h */
| #define PACKAGE_NAME "libX11"
| #define PACKAGE_TARNAME "libX11"
| #define PACKAGE_VERSION "1.8.13"
| #define PACKAGE_STRING "libX11 1.8.13"
| #define PACKAGE_BUGREPORT "https://gitlab.freedesktop.org/xorg/lib/libx11/-/issues"
| #define PACKAGE_URL ""
| #define HAVE_STDIO_H 1
| #define HAVE_STDLIB_H 1
| #define HAVE_STRING_H 1
| #define HAVE_INTTYPES_H 1
| #define HAVE_STDINT_H 1
| #define HAVE_STRINGS_H 1
| #define HAVE_SYS_STAT_H 1
| #define HAVE_SYS_TYPES_H 1
| #define HAVE_UNISTD_H 1
| #define HAVE_WCHAR_H 1
| #define HAVE_SYS_PARAM_H 1
| #define STDC_HEADERS 1
| #define _ALL_SOURCE 1
| #define _DARWIN_C_SOURCE 1
| #define _GNU_SOURCE 1
| #define _HPUX_ALT_XOPEN_SOCKET_API 1
| #define _NETBSD_SOURCE 1
| #define _OPENBSD_SOURCE 1
| #define _POSIX_PTHREAD_SEMANTICS 1
| #define __STDC_WANT_IEC_60559_ATTRIBS_EXT__ 1
| #define __STDC_WANT_IEC_60559_BFP_EXT__ 1
| #define __STDC_WANT_IEC_60559_DFP_EXT__ 1
| #define __STDC_WANT_IEC_60559_EXT__ 1
| #define __STDC_WANT_IEC_60559_FUNCS_EXT__ 1
| #define __STDC_WANT_IEC_60559_TYPES_EXT__ 1
| #define __STDC_WANT_LIB_EXT2__ 1
| #define __STDC_WANT_MATH_SPEC_FUNCS__ 1
| #define _TANDEM_SOURCE 1
| #define __EXTENSIONS__ 1
| #define PACKAGE "libX11"
| #define VERSION "1.8.13"
| #define HAVE_DLFCN_H 1
| #define LT_OBJDIR ".libs/"
| #define PACKAGE_VERSION_MAJOR 1
| #define PACKAGE_VERSION_MINOR 8
| #define PACKAGE_VERSION_PATCHLEVEL 13
| #define UNIXCONN 1
| #define TCPCONN 1
| #define HAVE_GETADDRINFO 1
| #define HAVE_INET_NTOP 1
| #define IPv6 1
| /* end confdefs.h.  */
| 
| #include <stddef.h>
| #ifdef HAVE_STDIO_H
| # include <stdio.h>
| #endif
| #ifdef HAVE_STDLIB_H
| # include <stdlib.h>
| #endif
| #ifdef HAVE_STRING_H
| # include <string.h>
| #endif
| #ifdef HAVE_INTTYPES_H
| # include <inttypes.h>
| #endif
| #ifdef HAVE_STDINT_H
| # include <stdint.h>
| #endif
| #ifdef HAVE_STRINGS_H
| # include <strings.h>
| #endif
| #ifdef HAVE_SYS_TYPES_H
| # include <sys/types.h>
| #endif
| #ifdef HAVE_SYS_STAT_H
| # include <sys/stat.h>
| #endif
| #ifdef HAVE_UNISTD_H
| # include <unistd.h>
| #endif
| #include <sys/socket.h>
| 
| 
| int
| main (void)
| {
| if (sizeof ((socklen_t)))
| 	    return 0;
|   ;
|   return 0;
| }
configure:22820: result: yes
configure:22832: checking for struct sockaddr_storage
configure:22832: /opt/android-ndk/toolchains/llvm/prebuilt/linux-x86_64/bin/aarch64-linux-android35-clang -c -O2 -I/work/androidsysroot/usr/include conftest.c >&5
configure:22832: $? = 0
configure:22832: /opt/android-ndk/toolchains/llvm/prebuilt/linux-x86_64/bin/aarch64-linux-android35-clang -c -O2 -I/work/androidsysroot/usr/include conftest.c >&5
conftest.c:86:38: error: expected expression
   86 | if (sizeof ((struct sockaddr_storage)))
      |                                      ^
1 error generated.
configure:22832: $? = 1
configure: failed program was:
| /* confdefs.h */
| #define PACKAGE_NAME "libX11"
| #define PACKAGE_TARNAME "libX11"
| #define PACKAGE_VERSION "1.8.13"
| #define PACKAGE_STRING "libX11 1.8.13"
| #define PACKAGE_BUGREPORT "https://gitlab.freedesktop.org/xorg/lib/libx11/-/issues"
| #define PACKAGE_URL ""
| #define HAVE_STDIO_H 1
| #define HAVE_STDLIB_H 1
| #define HAVE_STRING_H 1
| #define HAVE_INTTYPES_H 1
| #define HAVE_STDINT_H 1
| #define HAVE_STRINGS_H 1
| #define HAVE_SYS_STAT_H 1
| #define HAVE_SYS_TYPES_H 1
| #define HAVE_UNISTD_H 1
| #define HAVE_WCHAR_H 1
| #define HAVE_SYS_PARAM_H 1
| #define STDC_HEADERS 1
| #define _ALL_SOURCE 1
| #define _DARWIN_C_SOURCE 1
| #define _GNU_SOURCE 1
| #define _HPUX_ALT_XOPEN_SOCKET_API 1
| #define _NETBSD_SOURCE 1
| #define _OPENBSD_SOURCE 1
| #define _POSIX_PTHREAD_SEMANTICS 1
| #define __STDC_WANT_IEC_60559_ATTRIBS_EXT__ 1
| #define __STDC_WANT_IEC_60559_BFP_EXT__ 1
| #define __STDC_WANT_IEC_60559_DFP_EXT__ 1
| #define __STDC_WANT_IEC_60559_EXT__ 1
| #define __STDC_WANT_IEC_60559_FUNCS_EXT__ 1
| #define __STDC_WANT_IEC_60559_TYPES_EXT__ 1
| #define __STDC_WANT_LIB_EXT2__ 1
| #define __STDC_WANT_MATH_SPEC_FUNCS__ 1
| #define _TANDEM_SOURCE 1
| #define __EXTENSIONS__ 1
| #define PACKAGE "libX11"
| #define VERSION "1.8.13"
| #define HAVE_DLFCN_H 1
| #define LT_OBJDIR ".libs/"
| #define PACKAGE_VERSION_MAJOR 1
| #define PACKAGE_VERSION_MINOR 8
| #define PACKAGE_VERSION_PATCHLEVEL 13
| #define UNIXCONN 1
| #define TCPCONN 1
| #define HAVE_GETADDRINFO 1
| #define HAVE_INET_NTOP 1
| #define IPv6 1
| #define HAVE_SOCKLEN_T 1
| /* end confdefs.h.  */
| 
| #include <stddef.h>
| #ifdef HAVE_STDIO_H
| # include <stdio.h>
| #endif
| #ifdef HAVE_STDLIB_H
| # include <stdlib.h>
| #endif
| #ifdef HAVE_STRING_H
| # include <string.h>
| #endif
| #ifdef HAVE_INTTYPES_H
| # include <inttypes.h>
| #endif
| #ifdef HAVE_STDINT_H
| # include <stdint.h>
| #endif
| #ifdef HAVE_STRINGS_H
| # include <strings.h>
| #endif
| #ifdef HAVE_SYS_TYPES_H
| # include <sys/types.h>
| #endif
| #ifdef HAVE_SYS_STAT_H
| # include <sys/stat.h>
| #endif
| #ifdef HAVE_UNISTD_H
| # include <unistd.h>
| #endif
| #include <sys/socket.h>
| 
| 
| int
| main (void)
| {
| if (sizeof ((struct sockaddr_storage)))
| 	    return 0;
|   ;
|   return 0;
| }
configure:22832: result: yes
configure:22848: checking for struct msghdr.msg_control
configure:22848: /opt/android-ndk/toolchains/llvm/prebuilt/linux-x86_64/bin/aarch64-linux-android35-clang -c -O2 -I/work/androidsysroot/usr/include conftest.c >&5
configure:22848: $? = 0
configure:22848: result: yes
configure:22915: checking if Xtrans should support os-specific local connections
configure:22917: result: no
configure:22926: checking for strcasecmp
configure:22926: /opt/android-ndk/toolchains/llvm/prebuilt/linux-x86_64/bin/aarch64-linux-android35-clang -o conftest -O2 -I/work/androidsysroot/usr/include -L/work/androidsysroot/usr/lib conftest.c  >&5
conftest.c:68:6: warning: incompatible redeclaration of library function 'strcasecmp' [-Wincompatible-library-redeclaration]
   68 | char strcasecmp (void);
      |      ^
conftest.c:68:6: note: 'strcasecmp' is a builtin with type 'int (const char *, const char *)'
1 warning generated.
configure:22926: $? = 0
configure:22926: result: yes
configure:22932: checking for strlcpy
configure:22932: /opt/android-ndk/toolchains/llvm/prebuilt/linux-x86_64/bin/aarch64-linux-android35-clang -o conftest -O2 -I/work/androidsysroot/usr/include -L/work/androidsysroot/usr/lib conftest.c  >&5
conftest.c:69:6: warning: incompatible redeclaration of library function 'strlcpy' [-Wincompatible-library-redeclaration]
   69 | char strlcpy (void);
      |      ^
conftest.c:69:6: note: 'strlcpy' is a builtin with type 'unsigned long (char *, const char *, unsigned long)'
1 warning generated.
configure:22932: $? = 0
configure:22932: result: yes
configure:22943: checking for library containing dlopen
configure:22979: /opt/android-ndk/toolchains/llvm/prebuilt/linux-x86_64/bin/aarch64-linux-android35-clang -o conftest -O2 -I/work/androidsysroot/usr/include -L/work/androidsysroot/usr/lib conftest.c  >&5
configure:22979: $? = 0
configure:23001: result: none required
configure:23014: checking for dlfcn.h
configure:23014: result: yes
configure:23022: checking if run-time linking is supported
configure:23029: result: yes
configure:23032: checking if loadable i18n module support should be enabled
configure:23053: result: no
configure:23065: checking if loadable Xcursor library support should be enabled
configure:23081: result: yes
configure:23100: checking for sys/filio.h
configure:23100: /opt/android-ndk/toolchains/llvm/prebuilt/linux-x86_64/bin/aarch64-linux-android35-clang -c -O2 -I/work/androidsysroot/usr/include conftest.c >&5
conftest.c:86:10: fatal error: 'sys/filio.h' file not found
   86 | #include <sys/filio.h>
      |          ^~~~~~~~~~~~~
1 error generated.
configure:23100: $? = 1
configure: failed program was:
| /* confdefs.h */
| #define PACKAGE_NAME "libX11"
| #define PACKAGE_TARNAME "libX11"
| #define PACKAGE_VERSION "1.8.13"
| #define PACKAGE_STRING "libX11 1.8.13"
| #define PACKAGE_BUGREPORT "https://gitlab.freedesktop.org/xorg/lib/libx11/-/issues"
| #define PACKAGE_URL ""
| #define HAVE_STDIO_H 1
| #define HAVE_STDLIB_H 1
| #define HAVE_STRING_H 1
| #define HAVE_INTTYPES_H 1
| #define HAVE_STDINT_H 1
| #define HAVE_STRINGS_H 1
| #define HAVE_SYS_STAT_H 1
| #define HAVE_SYS_TYPES_H 1
| #define HAVE_UNISTD_H 1
| #define HAVE_WCHAR_H 1
| #define HAVE_SYS_PARAM_H 1
| #define STDC_HEADERS 1
| #define _ALL_SOURCE 1
| #define _DARWIN_C_SOURCE 1
| #define _GNU_SOURCE 1
| #define _HPUX_ALT_XOPEN_SOCKET_API 1
| #define _NETBSD_SOURCE 1
| #define _OPENBSD_SOURCE 1
| #define _POSIX_PTHREAD_SEMANTICS 1
| #define __STDC_WANT_IEC_60559_ATTRIBS_EXT__ 1
| #define __STDC_WANT_IEC_60559_BFP_EXT__ 1
| #define __STDC_WANT_IEC_60559_DFP_EXT__ 1
| #define __STDC_WANT_IEC_60559_EXT__ 1
| #define __STDC_WANT_IEC_60559_FUNCS_EXT__ 1
| #define __STDC_WANT_IEC_60559_TYPES_EXT__ 1
| #define __STDC_WANT_LIB_EXT2__ 1
| #define __STDC_WANT_MATH_SPEC_FUNCS__ 1
| #define _TANDEM_SOURCE 1
| #define __EXTENSIONS__ 1
| #define PACKAGE "libX11"
| #define VERSION "1.8.13"
| #define HAVE_DLFCN_H 1
| #define LT_OBJDIR ".libs/"
| #define PACKAGE_VERSION_MAJOR 1
| #define PACKAGE_VERSION_MINOR 8
| #define PACKAGE_VERSION_PATCHLEVEL 13
| #define UNIXCONN 1
| #define TCPCONN 1
| #define HAVE_GETADDRINFO 1
| #define HAVE_INET_NTOP 1
| #define IPv6 1
| #define HAVE_SOCKLEN_T 1
| #define HAVE_STRUCT_SOCKADDR_STORAGE 1
| #define HAVE_STRCASECMP 1
| #define HAVE_STRLCPY 1
| #define HAVE_DLOPEN 1
| #define HAVE_DLFCN_H 1
| #define USE_DYNAMIC_XCURSOR 1
| #define USE_THREAD_SAFETY_CONSTRUCTOR 1
| /* end confdefs.h.  */
| #include <stddef.h>
| #ifdef HAVE_STDIO_H
| # include <stdio.h>
| #endif
| #ifdef HAVE_STDLIB_H
| # include <stdlib.h>
| #endif
| #ifdef HAVE_STRING_H
| # include <string.h>
| #endif
| #ifdef HAVE_INTTYPES_H
| # include <inttypes.h>
| #endif
| #ifdef HAVE_STDINT_H
| # include <stdint.h>
| #endif
| #ifdef HAVE_STRINGS_H
| # include <strings.h>
| #endif
| #ifdef HAVE_SYS_TYPES_H
| # include <sys/types.h>
| #endif
| #ifdef HAVE_SYS_STAT_H
| # include <sys/stat.h>
| #endif
| #ifdef HAVE_UNISTD_H
| # include <unistd.h>
| #endif
| #include <sys/filio.h>
configure:23100: result: no
configure:23106: checking for sys/select.h
configure:23106: /opt/android-ndk/toolchains/llvm/prebuilt/linux-x86_64/bin/aarch64-linux-android35-clang -c -O2 -I/work/androidsysroot/usr/include conftest.c >&5
configure:23106: $? = 0
configure:23106: result: yes
configure:23112: checking for sys/ioctl.h
configure:23112: /opt/android-ndk/toolchains/llvm/prebuilt/linux-x86_64/bin/aarch64-linux-android35-clang -c -O2 -I/work/androidsysroot/usr/include conftest.c >&5
configure:23112: $? = 0
configure:23112: result: yes
configure:23118: checking for sys/socket.h
configure:23118: /opt/android-ndk/toolchains/llvm/prebuilt/linux-x86_64/bin/aarch64-linux-android35-clang -c -O2 -I/work/androidsysroot/usr/include conftest.c >&5
configure:23118: $? = 0
configure:23118: result: yes
configure:23130: checking for __builtin_popcountl
configure:23150: /opt/android-ndk/toolchains/llvm/prebuilt/linux-x86_64/bin/aarch64-linux-android35-clang -o conftest -O2 -I/work/androidsysroot/usr/include -L/work/androidsysroot/usr/lib conftest.c  >&5
conftest.c:66:13: warning: ignoring return value of function declared with const attribute [-Wunused-value]
   66 |             __builtin_popcountl(0)
      |             ^~~~~~~~~~~~~~~~~~~ ~
1 warning generated.
configure:23150: $? = 0
configure:23162: result: yes
configure:23176: checking for strtol
configure:23176: /opt/android-ndk/toolchains/llvm/prebuilt/linux-x86_64/bin/aarch64-linux-android35-clang -o conftest -O2 -I/work/androidsysroot/usr/include -L/work/androidsysroot/usr/lib conftest.c  >&5
conftest.c:78:6: warning: incompatible redeclaration of library function 'strtol' [-Wincompatible-library-redeclaration]
   78 | char strtol (void);
      |      ^
conftest.c:78:6: note: 'strtol' is a builtin with type 'long (const char *, char **, int)'
1 warning generated.
configure:23176: $? = 0
configure:23176: result: yes
configure:23182: checking for seteuid
configure:23182: /opt/android-ndk/toolchains/llvm/prebuilt/linux-x86_64/bin/aarch64-linux-android35-clang -o conftest -O2 -I/work/androidsysroot/usr/include -L/work/androidsysroot/usr/lib conftest.c  >&5
configure:23182: $? = 0
configure:23182: result: yes
configure:23189: checking for reallocarray
configure:23189: /opt/android-ndk/toolchains/llvm/prebuilt/linux-x86_64/bin/aarch64-linux-android35-clang -o conftest -O2 -I/work/androidsysroot/usr/include -L/work/androidsysroot/usr/lib conftest.c  >&5
configure:23189: $? = 0
configure:23189: result: yes
configure:23206: checking whether issetugid is declared
configure:23206: /opt/android-ndk/toolchains/llvm/prebuilt/linux-x86_64/bin/aarch64-linux-android35-clang -c -O2  -I/work/androidsysroot/usr/include conftest.c >&5
conftest.c:100:10: error: use of undeclared identifier 'issetugid'
  100 |   (void) issetugid;
      |          ^
1 error generated.
configure:23206: $? = 1
configure: failed program was:
| /* confdefs.h */
| #define PACKAGE_NAME "libX11"
| #define PACKAGE_TARNAME "libX11"
| #define PACKAGE_VERSION "1.8.13"
| #define PACKAGE_STRING "libX11 1.8.13"
| #define PACKAGE_BUGREPORT "https://gitlab.freedesktop.org/xorg/lib/libx11/-/issues"
| #define PACKAGE_URL ""
| #define HAVE_STDIO_H 1
| #define HAVE_STDLIB_H 1
| #define HAVE_STRING_H 1
| #define HAVE_INTTYPES_H 1
| #define HAVE_STDINT_H 1
| #define HAVE_STRINGS_H 1
| #define HAVE_SYS_STAT_H 1
| #define HAVE_SYS_TYPES_H 1
| #define HAVE_UNISTD_H 1
| #define HAVE_WCHAR_H 1
| #define HAVE_SYS_PARAM_H 1
| #define STDC_HEADERS 1
| #define _ALL_SOURCE 1
| #define _DARWIN_C_SOURCE 1
| #define _GNU_SOURCE 1
| #define _HPUX_ALT_XOPEN_SOCKET_API 1
| #define _NETBSD_SOURCE 1
| #define _OPENBSD_SOURCE 1
| #define _POSIX_PTHREAD_SEMANTICS 1
| #define __STDC_WANT_IEC_60559_ATTRIBS_EXT__ 1
| #define __STDC_WANT_IEC_60559_BFP_EXT__ 1
| #define __STDC_WANT_IEC_60559_DFP_EXT__ 1
| #define __STDC_WANT_IEC_60559_EXT__ 1
| #define __STDC_WANT_IEC_60559_FUNCS_EXT__ 1
| #define __STDC_WANT_IEC_60559_TYPES_EXT__ 1
| #define __STDC_WANT_LIB_EXT2__ 1
| #define __STDC_WANT_MATH_SPEC_FUNCS__ 1
| #define _TANDEM_SOURCE 1
| #define __EXTENSIONS__ 1
| #define PACKAGE "libX11"
| #define VERSION "1.8.13"
| #define HAVE_DLFCN_H 1
| #define LT_OBJDIR ".libs/"
| #define PACKAGE_VERSION_MAJOR 1
| #define PACKAGE_VERSION_MINOR 8
| #define PACKAGE_VERSION_PATCHLEVEL 13
| #define UNIXCONN 1
| #define TCPCONN 1
| #define HAVE_GETADDRINFO 1
| #define HAVE_INET_NTOP 1
| #define IPv6 1
| #define HAVE_SOCKLEN_T 1
| #define HAVE_STRUCT_SOCKADDR_STORAGE 1
| #define HAVE_STRCASECMP 1
| #define HAVE_STRLCPY 1
| #define HAVE_DLOPEN 1
| #define HAVE_DLFCN_H 1
| #define USE_DYNAMIC_XCURSOR 1
| #define USE_THREAD_SAFETY_CONSTRUCTOR 1
| #define HAVE_SYS_SELECT_H 1
| #define HAVE_SYS_IOCTL_H 1
| #define HAVE_SYS_SOCKET_H 1
| #define HAVE___BUILTIN_POPCOUNTL 1
| #define HAVE_STRTOL 1
| #define HAVE_SETEUID 1
| #define HAVE_REALLOCARRAY 1
| /* end confdefs.h.  */
| #include <stddef.h>
| #ifdef HAVE_STDIO_H
| # include <stdio.h>
| #endif
| #ifdef HAVE_STDLIB_H
| # include <stdlib.h>
| #endif
| #ifdef HAVE_STRING_H
| # include <string.h>
| #endif
| #ifdef HAVE_INTTYPES_H
| # include <inttypes.h>
| #endif
| #ifdef HAVE_STDINT_H
| # include <stdint.h>
| #endif
| #ifdef HAVE_STRINGS_H
| # include <strings.h>
| #endif
| #ifdef HAVE_SYS_TYPES_H
| # include <sys/types.h>
| #endif
| #ifdef HAVE_SYS_STAT_H
| # include <sys/stat.h>
| #endif
| #ifdef HAVE_UNISTD_H
| # include <unistd.h>
| #endif
| int
| main (void)
| {
| #ifndef issetugid
| #ifdef __cplusplus
|   (void) issetugid;
| #else
|   (void) issetugid;
| #endif
| #endif
| 
|   ;
|   return 0;
| }
configure:23206: result: no
configure:23211: checking for issetugid
configure:23211: /opt/android-ndk/toolchains/llvm/prebuilt/linux-x86_64/bin/aarch64-linux-android35-clang -o conftest -O2 -I/work/androidsysroot/usr/include -L/work/androidsysroot/usr/lib conftest.c  >&5
ld.lld: error: undefined symbol: issetugid
>>> referenced by conftest.c
>>>               /tmp/conftest-6ae854.o:(main)
clang: error: linker command failed with exit code 1 (use -v to see invocation)
configure:23211: $? = 1
configure: failed program was:
| /* confdefs.h */
| #define PACKAGE_NAME "libX11"
| #define PACKAGE_TARNAME "libX11"
| #define PACKAGE_VERSION "1.8.13"
| #define PACKAGE_STRING "libX11 1.8.13"
| #define PACKAGE_BUGREPORT "https://gitlab.freedesktop.org/xorg/lib/libx11/-/issues"
| #define PACKAGE_URL ""
| #define HAVE_STDIO_H 1
| #define HAVE_STDLIB_H 1
| #define HAVE_STRING_H 1
| #define HAVE_INTTYPES_H 1
| #define HAVE_STDINT_H 1
| #define HAVE_STRINGS_H 1
| #define HAVE_SYS_STAT_H 1
| #define HAVE_SYS_TYPES_H 1
| #define HAVE_UNISTD_H 1
| #define HAVE_WCHAR_H 1
| #define HAVE_SYS_PARAM_H 1
| #define STDC_HEADERS 1
| #define _ALL_SOURCE 1
| #define _DARWIN_C_SOURCE 1
| #define _GNU_SOURCE 1
| #define _HPUX_ALT_XOPEN_SOCKET_API 1
| #define _NETBSD_SOURCE 1
| #define _OPENBSD_SOURCE 1
| #define _POSIX_PTHREAD_SEMANTICS 1
| #define __STDC_WANT_IEC_60559_ATTRIBS_EXT__ 1
| #define __STDC_WANT_IEC_60559_BFP_EXT__ 1
| #define __STDC_WANT_IEC_60559_DFP_EXT__ 1
| #define __STDC_WANT_IEC_60559_EXT__ 1
| #define __STDC_WANT_IEC_60559_FUNCS_EXT__ 1
| #define __STDC_WANT_IEC_60559_TYPES_EXT__ 1
| #define __STDC_WANT_LIB_EXT2__ 1
| #define __STDC_WANT_MATH_SPEC_FUNCS__ 1
| #define _TANDEM_SOURCE 1
| #define __EXTENSIONS__ 1
| #define PACKAGE "libX11"
| #define VERSION "1.8.13"
| #define HAVE_DLFCN_H 1
| #define LT_OBJDIR ".libs/"
| #define PACKAGE_VERSION_MAJOR 1
| #define PACKAGE_VERSION_MINOR 8
| #define PACKAGE_VERSION_PATCHLEVEL 13
| #define UNIXCONN 1
| #define TCPCONN 1
| #define HAVE_GETADDRINFO 1
| #define HAVE_INET_NTOP 1
| #define IPv6 1
| #define HAVE_SOCKLEN_T 1
| #define HAVE_STRUCT_SOCKADDR_STORAGE 1
| #define HAVE_STRCASECMP 1
| #define HAVE_STRLCPY 1
| #define HAVE_DLOPEN 1
| #define HAVE_DLFCN_H 1
| #define USE_DYNAMIC_XCURSOR 1
| #define USE_THREAD_SAFETY_CONSTRUCTOR 1
| #define HAVE_SYS_SELECT_H 1
| #define HAVE_SYS_IOCTL_H 1
| #define HAVE_SYS_SOCKET_H 1
| #define HAVE___BUILTIN_POPCOUNTL 1
| #define HAVE_STRTOL 1
| #define HAVE_SETEUID 1
| #define HAVE_REALLOCARRAY 1
| /* end confdefs.h.  */
| /* Define issetugid to an innocuous variant, in case <limits.h> declares issetugid.
|    For example, HP-UX 11i <limits.h> declares gettimeofday.  */
| #define issetugid innocuous_issetugid
| 
| /* System header to define __stub macros and hopefully few prototypes,
|    which can conflict with char issetugid (void); below.  */
| 
| #include <limits.h>
| #undef issetugid
| 
| /* Override any GCC internal prototype to avoid an error.
|    Use char because int might match the return type of a GCC
|    builtin and then its argument prototype would still apply.  */
| #ifdef __cplusplus
| extern "C"
| #endif
| char issetugid (void);
| /* The GNU C library defines this for functions which it implements
|     to always fail with ENOSYS.  Some functions are actually named
|     something starting with __ and the normal name is an alias.  */
| #if defined __stub_issetugid || defined __stub___issetugid
| choke me
| #endif
| 
| int
| main (void)
| {
| return issetugid ();
|   ;
|   return 0;
| }
configure:23211: result: no
configure:23223: checking for getresuid
configure:23223: /opt/android-ndk/toolchains/llvm/prebuilt/linux-x86_64/bin/aarch64-linux-android35-clang -o conftest -O2 -I/work/androidsysroot/usr/include -L/work/androidsysroot/usr/lib conftest.c  >&5
configure:23223: $? = 0
configure:23223: result: yes
configure:23233: checking for shmat
configure:23233: /opt/android-ndk/toolchains/llvm/prebuilt/linux-x86_64/bin/aarch64-linux-android35-clang -o conftest -O2 -I/work/androidsysroot/usr/include -L/work/androidsysroot/usr/lib conftest.c  >&5
configure:23233: $? = 0
configure:23233: result: yes
configure:23263: checking for launchd
configure:23297: result: no
configure:23326: checking for getpwuid_r in -lc
configure:23355: /opt/android-ndk/toolchains/llvm/prebuilt/linux-x86_64/bin/aarch64-linux-android35-clang -o conftest -O2 -I/work/androidsysroot/usr/include -L/work/androidsysroot/usr/lib conftest.c -lc   >&5
configure:23355: $? = 0
configure:23367: result: yes
configure:23425: checking for poll
configure:23425: /opt/android-ndk/toolchains/llvm/prebuilt/linux-x86_64/bin/aarch64-linux-android35-clang -o conftest -O2 -I/work/androidsysroot/usr/include -L/work/androidsysroot/usr/lib conftest.c  >&5
configure:23425: $? = 0
configure:23425: result: yes
configure:23437: checking keysym definitions
configure:23462: result:  /work/androidsysroot/usr/include/X11/keysymdef.h /work/androidsysroot/usr/include/X11/XF86keysym.h /work/androidsysroot/usr/include/X11/Sunkeysym.h /work/androidsysroot/usr/include/X11/DECkeysym.h /work/androidsysroot/usr/include/X11/HPkeysym.h
configure:23516: checking if XLOCALEDIR support should be enabled
configure:23532: result: yes
configure:23547: checking for BIGFONT
configure:23554: $PKG_CONFIG --exists --print-errors "xf86bigfontproto >= 1.2.0"
configure:23557: $? = 0
configure:23571: $PKG_CONFIG --exists --print-errors "xf86bigfontproto >= 1.2.0"
configure:23574: $? = 0
configure:23612: result: yes
configure:23654: checking for getpagesize
configure:23654: /opt/android-ndk/toolchains/llvm/prebuilt/linux-x86_64/bin/aarch64-linux-android35-clang -o conftest -O2 -I/work/androidsysroot/usr/include -L/work/androidsysroot/usr/lib conftest.c  >&5
configure:23654: $? = 0
configure:23654: result: yes
configure:23665: checking for working mmap
configure:23829: result: yes
configure:23839: checking for nl_langinfo
configure:23839: /opt/android-ndk/toolchains/llvm/prebuilt/linux-x86_64/bin/aarch64-linux-android35-clang -o conftest -O2 -I/work/androidsysroot/usr/include -L/work/androidsysroot/usr/lib conftest.c  >&5
configure:23839: $? = 0
configure:23839: result: yes
configure:24044: checking for X11
configure:24051: $PKG_CONFIG --exists --print-errors "$X11_REQUIRES"
configure:24054: $? = 0
configure:24068: $PKG_CONFIG --exists --print-errors "$X11_REQUIRES"
configure:24071: $? = 0
configure:24129: result: yes
configure:24266: checking whether to act as if malloc(0) can return NULL
configure:24268: result: no
configure:24389: checking that generated files are newer than configure
configure:24395: result: done
configure:24488: creating ./config.status

## ---------------------- ##
## Running config.status. ##
## ---------------------- ##

This file was extended by libX11 config.status 1.8.13, which was
generated by GNU Autoconf 2.72.  Invocation command line was

  CONFIG_FILES    = 
  CONFIG_HEADERS  = 
  CONFIG_LINKS    = 
  CONFIG_COMMANDS = 
  $ ./config.status 

on 3c622a1b0904

config.status:1291: creating Makefile
config.status:1291: creating include/Makefile
config.status:1291: creating man/Makefile
config.status:1291: creating man/xkb/Makefile
config.status:1291: creating src/Makefile
config.status:1291: creating src/util/Makefile
config.status:1291: creating src/xcms/Makefile
config.status:1291: creating src/xlibi18n/Makefile
config.status:1291: creating modules/Makefile
config.status:1291: creating modules/im/Makefile
config.status:1291: creating modules/im/ximcp/Makefile
config.status:1291: creating modules/lc/Makefile
config.status:1291: creating modules/lc/def/Makefile
config.status:1291: creating modules/lc/gen/Makefile
config.status:1291: creating modules/lc/Utf8/Makefile
config.status:1291: creating modules/om/Makefile
config.status:1291: creating modules/om/generic/Makefile
config.status:1291: creating src/xkb/Makefile
config.status:1291: creating nls/Makefile
config.status:1291: creating specs/Makefile
config.status:1291: creating specs/i18n/Makefile
config.status:1291: creating specs/i18n/compose/Makefile
config.status:1291: creating specs/i18n/framework/Makefile
config.status:1291: creating specs/i18n/localedb/Makefile
config.status:1291: creating specs/i18n/trans/Makefile
config.status:1291: creating specs/libX11/Makefile
config.status:1291: creating specs/XIM/Makefile
config.status:1291: creating specs/XKB/Makefile
config.status:1291: creating x11.pc
config.status:1291: creating x11-xcb.pc
config.status:1291: creating src/config.h
config.status:1291: creating include/X11/XlibConf.h
config.status:1520: executing depfiles commands
config.status:1520: executing libtool commands

## ---------------- ##
## Cache variables. ##
## ---------------- ##

ac_cv_build=x86_64-pc-linux-android
ac_cv_c_compiler_gnu=yes
ac_cv_c_undeclared_builtin_options='none needed'
ac_cv_env_BIGFONT_CFLAGS_set=
ac_cv_env_BIGFONT_CFLAGS_value=
ac_cv_env_BIGFONT_LIBS_set=
ac_cv_env_BIGFONT_LIBS_value=
ac_cv_env_CC_set=set
ac_cv_env_CC_value=/opt/android-ndk/toolchains/llvm/prebuilt/linux-x86_64/bin/aarch64-linux-android35-clang
ac_cv_env_CFLAGS_set=set
ac_cv_env_CFLAGS_value=-O2
ac_cv_env_CPPFLAGS_set=set
ac_cv_env_CPPFLAGS_value=-I/work/androidsysroot/usr/include
ac_cv_env_CPP_set=
ac_cv_env_CPP_value=
ac_cv_env_FOP_set=
ac_cv_env_FOP_value=
ac_cv_env_LDFLAGS_set=set
ac_cv_env_LDFLAGS_value=-L/work/androidsysroot/usr/lib
ac_cv_env_LIBS_set=
ac_cv_env_LIBS_value=
ac_cv_env_LINT_FLAGS_set=
ac_cv_env_LINT_FLAGS_value=
ac_cv_env_LINT_set=
ac_cv_env_LINT_value=
ac_cv_env_LT_SYS_LIBRARY_PATH_set=
ac_cv_env_LT_SYS_LIBRARY_PATH_value=
ac_cv_env_PERL_set=
ac_cv_env_PERL_value=
ac_cv_env_PKG_CONFIG_LIBDIR_set=set
ac_cv_env_PKG_CONFIG_LIBDIR_value=/work/androidsysroot/usr/lib/pkgconfig:/work/androidsysroot/usr/share/pkgconfig
ac_cv_env_PKG_CONFIG_PATH_set=
ac_cv_env_PKG_CONFIG_PATH_value=
ac_cv_env_PKG_CONFIG_set=
ac_cv_env_PKG_CONFIG_value=
ac_cv_env_X11_CFLAGS_set=
ac_cv_env_X11_CFLAGS_value=
ac_cv_env_X11_LIBS_set=
ac_cv_env_X11_LIBS_value=
ac_cv_env_XMLTO_set=
ac_cv_env_XMLTO_value=
ac_cv_env_XSLTPROC_set=
ac_cv_env_XSLTPROC_value=
ac_cv_env_build_alias_set=
ac_cv_env_build_alias_value=
ac_cv_env_host_alias_set=set
ac_cv_env_host_alias_value=aarch64-linux-android35
ac_cv_env_target_alias_set=
ac_cv_env_target_alias_value=
ac_cv_func_getaddrinfo=yes
ac_cv_func_getpagesize=yes
ac_cv_func_getresuid=yes
ac_cv_func_inet_ntop=yes
ac_cv_func_issetugid=no
ac_cv_func_mmap_fixed_mapped=yes
ac_cv_func_nl_langinfo=yes
ac_cv_func_poll=yes
ac_cv_func_reallocarray=yes
ac_cv_func_seteuid=yes
ac_cv_func_shmat=yes
ac_cv_func_strcasecmp=yes
ac_cv_func_strlcpy=yes
ac_cv_func_strtol=yes
ac_cv_have_decl___INTEL_COMPILER=no
ac_cv_have_decl___SUNPRO_C=no
ac_cv_have_decl___clang__=yes
ac_cv_have_decl_issetugid=no
ac_cv_header_dlfcn_h=yes
ac_cv_header_inttypes_h=yes
ac_cv_header_minix_config_h=no
ac_cv_header_stdint_h=yes
ac_cv_header_stdio_h=yes
ac_cv_header_stdlib_h=yes
ac_cv_header_string_h=yes
ac_cv_header_strings_h=yes
ac_cv_header_sys_filio_h=no
ac_cv_header_sys_ioctl_h=yes
ac_cv_header_sys_param_h=yes
ac_cv_header_sys_select_h=yes
ac_cv_header_sys_socket_h=yes
ac_cv_header_sys_stat_h=yes
ac_cv_header_sys_types_h=yes
ac_cv_header_unistd_h=yes
ac_cv_header_wchar_h=yes
ac_cv_host=aarch64-unknown-linux-android35
ac_cv_lib_c_getpwuid_r=yes
ac_cv_member_struct_msghdr_msg_control=yes
ac_cv_member_struct_sockaddr_in_sin_len=no
ac_cv_objext=o
ac_cv_path_EGREP='/usr/bin/grep -E'
ac_cv_path_EGREP_TRADITIONAL='/usr/bin/grep -E'
ac_cv_path_FGREP='/usr/bin/grep -F'
ac_cv_path_GREP=/usr/bin/grep
ac_cv_path_PERL=/usr/bin/perl
ac_cv_path_PKG_CONFIG=/usr/bin/pkg-config
ac_cv_path_SED=/usr/bin/sed
ac_cv_path_ac_pt_PKG_CONFIG=/usr/bin/pkg-config
ac_cv_path_ac_pt_RAWCPP=/usr/bin/cpp
ac_cv_path_install='/usr/bin/install -c'
ac_cv_path_lt_DD=/usr/bin/dd
ac_cv_path_mkdir=/usr/bin/mkdir
ac_cv_prog_AR=/opt/android-ndk/toolchains/llvm/prebuilt/linux-x86_64/bin/llvm-ar
ac_cv_prog_AWK=mawk
ac_cv_prog_CC=/opt/android-ndk/toolchains/llvm/prebuilt/linux-x86_64/bin/aarch64-linux-android35-clang
ac_cv_prog_CC_FOR_BUILD=gcc
ac_cv_prog_CPP='/opt/android-ndk/toolchains/llvm/prebuilt/linux-x86_64/bin/aarch64-linux-android35-clang -E'
ac_cv_prog_FILECMD=file
ac_cv_prog_LAUNCHD=no
ac_cv_prog_OBJDUMP=/opt/android-ndk/toolchains/llvm/prebuilt/linux-x86_64/bin/llvm-objdump
ac_cv_prog_RANLIB=/opt/android-ndk/toolchains/llvm/prebuilt/linux-x86_64/bin/llvm-ranlib
ac_cv_prog_STRIP=/opt/android-ndk/toolchains/llvm/prebuilt/linux-x86_64/bin/llvm-strip
ac_cv_prog_cc_c11=
ac_cv_prog_cc_g=yes
ac_cv_prog_cc_stdc=
ac_cv_prog_make_make_set=yes
ac_cv_safe_to_define___extensions__=yes
ac_cv_search_dlopen='none required'
ac_cv_search_gethostbyname='none required'
ac_cv_search_socket='none required'
ac_cv_should_define__xopen_source=no
ac_cv_sys_largefile_opts='none needed'
ac_cv_type_socklen_t=yes
ac_cv_type_struct_sockaddr_storage=yes
am_cv_CC_dependencies_compiler_type=none
am_cv_filesystem_timestamp_resolution=0.01
am_cv_make_support_nested_variables=yes
am_cv_prog_cc_c_o=yes
am_cv_prog_tar_ustar=gnutar
am_cv_sleep_fractional_seconds=yes
am_cv_xargs_n_works=yes
ax_cv_have___builtin_popcountl=yes
lt_cv_ar_at_file=@
lt_cv_archive_cmds_need_lc=no
lt_cv_deplibs_check_method=pass_all
lt_cv_file_magic_cmd='$MAGIC_CMD'
lt_cv_file_magic_test_file=
lt_cv_ld_reload_flag=-r
lt_cv_nm_interface='BSD nm'
lt_cv_objdir=.libs
lt_cv_path_LD=/opt/android-ndk/toolchains/llvm/prebuilt/linux-x86_64/bin/ld
lt_cv_path_NM=/opt/android-ndk/toolchains/llvm/prebuilt/linux-x86_64/bin/llvm-nm
lt_cv_path_manifest_tool=no
lt_cv_prog_compiler_c_o=yes
lt_cv_prog_compiler_pic='-fPIC -DPIC'
lt_cv_prog_compiler_pic_works=yes
lt_cv_prog_compiler_rtti_exceptions=yes
lt_cv_prog_compiler_static_works=yes
lt_cv_prog_gnu_ld=yes
lt_cv_sharedlib_from_linklib_cmd='printf %s\n'
lt_cv_sys_global_symbol_pipe='/usr/bin/sed -n -e '\''s/^.*[	 ]\([ABCDGIRSTW][ABCDGIRSTW]*\)[	 ][	 ]*\([_A-Za-z][_A-Za-z0-9]*\)$/\1 \2 \2/p'\'' | /usr/bin/sed '\''/ __gnu_lto/d'\'''
lt_cv_sys_global_symbol_to_c_name_address='/usr/bin/sed -n -e '\''s/^: \(.*\) .*$/  {"\1", (void *) 0},/p'\'' -e '\''s/^[ABCDGIRSTW][ABCDGIRSTW]* .* \(.*\)$/  {"\1", (void *) \&\1},/p'\'''
lt_cv_sys_global_symbol_to_c_name_address_lib_prefix='/usr/bin/sed -n -e '\''s/^: \(.*\) .*$/  {"\1", (void *) 0},/p'\'' -e '\''s/^[ABCDGIRSTW][ABCDGIRSTW]* .* \(lib.*\)$/  {"\1", (void *) \&\1},/p'\'' -e '\''s/^[ABCDGIRSTW][ABCDGIRSTW]* .* \(.*\)$/  {"lib\1", (void *) \&\1},/p'\'''
lt_cv_sys_global_symbol_to_cdecl='/usr/bin/sed -n -e '\''s/^T .* \(.*\)$/extern int \1();/p'\'' -e '\''s/^[ABCDGIRSTW][ABCDGIRSTW]* .* \(.*\)$/extern char \1;/p'\'''
lt_cv_sys_global_symbol_to_import=
lt_cv_sys_max_cmd_len=1572864
lt_cv_to_host_file_cmd=func_convert_file_noop
lt_cv_to_tool_file_cmd=func_convert_file_noop
lt_cv_truncate_bin='/usr/bin/dd bs=4096 count=1'
pkg_cv_BIGFONT_CFLAGS='-I/work/androidsysroot/usr/include '
pkg_cv_BIGFONT_LIBS=
pkg_cv_X11_CFLAGS='-I/work/androidsysroot/usr/include -D_DEFAULT_SOURCE -D_BSD_SOURCE -DHAS_FCHOWN -DHAS_STICKY_DIR_BIT '
pkg_cv_X11_LIBS='-L/work/androidsysroot/usr/lib -lxcb '
xorg_cv_cc_flag__Wall=yes
xorg_cv_cc_flag__Wbad_function_cast=yes
xorg_cv_cc_flag__Werror=yes
xorg_cv_cc_flag__Werror_address=yes
xorg_cv_cc_flag__Werror_array_bounds=yes
xorg_cv_cc_flag__Werror_attributes=yes
xorg_cv_cc_flag__Werror_implicit=yes
xorg_cv_cc_flag__Werror_init_self=yes
xorg_cv_cc_flag__Werror_int_to_pointer_cast=yes
xorg_cv_cc_flag__Werror_main=yes
xorg_cv_cc_flag__Werror_missing_braces=yes
xorg_cv_cc_flag__Werror_nonnull=yes
xorg_cv_cc_flag__Werror_pointer_to_int_cast=yes
xorg_cv_cc_flag__Werror_return_type=yes
xorg_cv_cc_flag__Werror_sequence_point=yes
xorg_cv_cc_flag__Werror_trigraphs=yes
xorg_cv_cc_flag__Werror_write_strings=yes
xorg_cv_cc_flag__Wformat_2=yes
xorg_cv_cc_flag__Wlogical_op=no
xorg_cv_cc_flag__Wmissing_declarations=yes
xorg_cv_cc_flag__Wmissing_format_attribute=yes
xorg_cv_cc_flag__Wmissing_noreturn=yes
xorg_cv_cc_flag__Wmissing_prototypes=yes
xorg_cv_cc_flag__Wnested_externs=yes
xorg_cv_cc_flag__Wold_style_definition=yes
xorg_cv_cc_flag__Wpointer_arith=yes
xorg_cv_cc_flag__Wredundant_decls=yes
xorg_cv_cc_flag__Wshadow=yes
xorg_cv_cc_flag__Wstrict_prototypes=yes
xorg_cv_cc_flag__Wuninitialized=yes
xorg_cv_cc_flag__Wunused=yes
xorg_cv_cc_flag__pedantic=yes
xorg_cv_cc_flag_unknown_warning_option=yes
xorg_cv_cc_flag_unused_command_line_argument=yes

## ----------------- ##
## Output variables. ##
## ----------------- ##

ACLOCAL='${SHELL} '\''/work/x11-build/libX11-1.8.13/missing'\'' aclocal-1.18'
ADMIN_MAN_DIR='$(mandir)/man$(ADMIN_MAN_SUFFIX)'
ADMIN_MAN_SUFFIX='8'
AMDEPBACKSLASH=''
AMDEP_FALSE=''
AMDEP_TRUE='#'
AMTAR='$${TAR-tar}'
AM_BACKSLASH='\'
AM_DEFAULT_V='$(AM_DEFAULT_VERBOSITY)'
AM_DEFAULT_VERBOSITY='0'
AM_V='$(V)'
APP_MAN_DIR='$(mandir)/man$(APP_MAN_SUFFIX)'
APP_MAN_SUFFIX='1'
AR='/opt/android-ndk/toolchains/llvm/prebuilt/linux-x86_64/bin/llvm-ar'
AUTOCONF='${SHELL} '\''/work/x11-build/libX11-1.8.13/missing'\'' autoconf'
AUTOHEADER='${SHELL} '\''/work/x11-build/libX11-1.8.13/missing'\'' autoheader'
AUTOMAKE='${SHELL} '\''/work/x11-build/libX11-1.8.13/missing'\'' automake-1.18'
AWK='mawk'
BASE_CFLAGS=' -Wall -Wpointer-arith -Wmissing-declarations -Wformat=2 -Wstrict-prototypes -Wmissing-prototypes -Wnested-externs -Wbad-function-cast -Wold-style-definition -Wunused -Wuninitialized -Wshadow -Wmissing-noreturn -Wmissing-format-attribute -Wredundant-decls -Werror=implicit -Werror=nonnull -Werror=init-self -Werror=main -Werror=missing-braces -Werror=sequence-point -Werror=return-type -Werror=trigraphs -Werror=array-bounds -Werror=write-strings -Werror=address -Werror=int-to-pointer-cast -Werror=pointer-to-int-cast'
BIGFONT_CFLAGS='-I/work/androidsysroot/usr/include '
BIGFONT_LIBS=''
CC='/opt/android-ndk/toolchains/llvm/prebuilt/linux-x86_64/bin/aarch64-linux-android35-clang'
CCDEPMODE='depmode=none'
CC_FOR_BUILD='gcc'
CFLAGS='-O2'
CFLAGS_FOR_BUILD=''
CHANGELOG_CMD='((GIT_DIR=$(top_srcdir)/.git git log > $(top_srcdir)/.changelog.tmp) 2>/dev/null && mv $(top_srcdir)/.changelog.tmp $(top_srcdir)/ChangeLog) || (rm -f $(top_srcdir)/.changelog.tmp; test -e $(top_srcdir)/ChangeLog || ( touch $(top_srcdir)/ChangeLog; echo '\''git failed to create ChangeLog: installing empty ChangeLog.'\'' >&2))'
CPP='/opt/android-ndk/toolchains/llvm/prebuilt/linux-x86_64/bin/aarch64-linux-android35-clang -E'
CPPFLAGS='-I/work/androidsysroot/usr/include'
CPPFLAGS_FOR_BUILD=''
CSCOPE='cscope'
CTAGS='ctags'
CWARNFLAGS=' -Wall -Wpointer-arith -Wmissing-declarations -Wformat=2 -Wstrict-prototypes -Wmissing-prototypes -Wnested-externs -Wbad-function-cast -Wold-style-definition -Wunused -Wuninitialized -Wshadow -Wmissing-noreturn -Wmissing-format-attribute -Wredundant-decls -Werror=implicit -Werror=nonnull -Werror=init-self -Werror=main -Werror=missing-braces -Werror=sequence-point -Werror=return-type -Werror=trigraphs -Werror=array-bounds -Werror=write-strings -Werror=address -Werror=int-to-pointer-cast -Werror=pointer-to-int-cast -fno-strict-aliasing'
CYGPATH_W='echo'
DEFS='-DHAVE_CONFIG_H'
DEPDIR='.deps'
DLLTOOL='false'
DRIVER_MAN_DIR='$(mandir)/man$(DRIVER_MAN_SUFFIX)'
DRIVER_MAN_SUFFIX='4'
DSYMUTIL=''
DUMPBIN=''
ECHO_C=''
ECHO_N='-n'
ECHO_T=''
EGREP='/usr/bin/grep -E'
ENABLE_SPECS_FALSE=''
ENABLE_SPECS_TRUE='#'
ETAGS='etags'
EXEEXT=''
EXEEXT_FOR_BUILD=''
FGREP='/usr/bin/grep -F'
FILECMD='file'
FILE_MAN_DIR='$(mandir)/man$(FILE_MAN_SUFFIX)'
FILE_MAN_SUFFIX='5'
FOP=''
GREP='/usr/bin/grep'
HAVE_FOP_FALSE=''
HAVE_FOP_TRUE='#'
HAVE_PERL_FALSE='#'
HAVE_PERL_TRUE=''
HAVE_STYLESHEETS_FALSE=''
HAVE_STYLESHEETS_TRUE='#'
HAVE_XMLTO_FALSE=''
HAVE_XMLTO_TEXT_FALSE=''
HAVE_XMLTO_TEXT_TRUE='#'
HAVE_XMLTO_TRUE='#'
HAVE_XSLTPROC_FALSE=''
HAVE_XSLTPROC_TRUE='#'
I18N_MODULE_LIBS=''
INSTALL_CMD='(cp -f /work/androidsysroot/usr/share/util-macros/INSTALL $(top_srcdir)/.INSTALL.tmp && mv $(top_srcdir)/.INSTALL.tmp $(top_srcdir)/INSTALL) || (rm -f $(top_srcdir)/.INSTALL.tmp; test -e $(top_srcdir)/INSTALL || ( touch $(top_srcdir)/INSTALL; echo '\''failed to copy INSTALL from util-macros: installing empty INSTALL.'\'' >&2))'
INSTALL_DATA='${INSTALL} -m 644'
INSTALL_PROGRAM='${INSTALL}'
INSTALL_SCRIPT='${INSTALL}'
INSTALL_STRIP_PROGRAM='$(install_sh) -c -s'
KEYSYMDEFS=' /work/androidsysroot/usr/include/X11/keysymdef.h /work/androidsysroot/usr/include/X11/XF86keysym.h /work/androidsysroot/usr/include/X11/Sunkeysym.h /work/androidsysroot/usr/include/X11/DECkeysym.h /work/androidsysroot/usr/include/X11/HPkeysym.h'
LAUNCHD='no'
LD='/opt/android-ndk/toolchains/llvm/prebuilt/linux-x86_64/bin/ld'
LDFLAGS='-L/work/androidsysroot/usr/lib'
LDFLAGS_FOR_BUILD=''
LIBOBJS=''
LIBS=''
LIBTOOL='$(SHELL) $(top_builddir)/libtool'
LIB_MAN_DIR='$(mandir)/man$(LIB_MAN_SUFFIX)'
LIB_MAN_SUFFIX='3'
LINT=''
LINTLIB=''
LINT_FALSE=''
LINT_FLAGS='-badflag'
LINT_TRUE='#'
LIPO=''
LN_S='ln -s'
LTLIBOBJS=''
LT_SYS_LIBRARY_PATH=''
MAKEINFO='${SHELL} '\''/work/x11-build/libX11-1.8.13/missing'\'' makeinfo'
MAKE_LINT_LIB_FALSE=''
MAKE_LINT_LIB_TRUE='#'
MALLOC_ZERO_CFLAGS=''
MANIFEST_TOOL=':'
MAN_SUBSTS='	-e '\''s|__vendorversion__|"$(PACKAGE_STRING)" "$(XORG_MAN_PAGE)"|'\'' 	-e '\''s|__xorgversion__|"$(PACKAGE_STRING)" "$(XORG_MAN_PAGE)"|'\'' 	-e '\''s|__xservername__|Xorg|g'\'' 	-e '\''s|__xconfigfile__|xorg.conf|g'\'' 	-e '\''s|__projectroot__|$(prefix)|g'\'' 	-e '\''s|__apploaddir__|$(appdefaultdir)|g'\'' 	-e '\''s|__appmansuffix__|$(APP_MAN_SUFFIX)|g'\'' 	-e '\''s|__drivermansuffix__|$(DRIVER_MAN_SUFFIX)|g'\'' 	-e '\''s|__adminmansuffix__|$(ADMIN_MAN_SUFFIX)|g'\'' 	-e '\''s|__libmansuffix__|$(LIB_MAN_SUFFIX)|g'\'' 	-e '\''s|__miscmansuffix__|$(MISC_MAN_SUFFIX)|g'\'' 	-e '\''s|__filemansuffix__|$(FILE_MAN_SUFFIX)|g'\'''
MISC_MAN_DIR='$(mandir)/man$(MISC_MAN_SUFFIX)'
MISC_MAN_SUFFIX='7'
MKDIR_P='/usr/bin/mkdir -p'
NM='/opt/android-ndk/toolchains/llvm/prebuilt/linux-x86_64/bin/llvm-nm'
NMEDIT=''
OBJDUMP='/opt/android-ndk/toolchains/llvm/prebuilt/linux-x86_64/bin/llvm-objdump'
OBJEXT='o'
OTOOL64=''
OTOOL=''
PACKAGE='libX11'
PACKAGE_BUGREPORT='https://gitlab.freedesktop.org/xorg/lib/libx11/-/issues'
PACKAGE_NAME='libX11'
PACKAGE_STRING='libX11 1.8.13'
PACKAGE_TARNAME='libX11'
PACKAGE_URL=''
PACKAGE_VERSION='1.8.13'
PATH_SEPARATOR=':'
PERL='/usr/bin/perl'
PKG_CONFIG='/usr/bin/pkg-config'
PKG_CONFIG_LIBDIR='/work/androidsysroot/usr/lib/pkgconfig:/work/androidsysroot/usr/share/pkgconfig'
PKG_CONFIG_PATH=''
RANLIB='/opt/android-ndk/toolchains/llvm/prebuilt/linux-x86_64/bin/llvm-ranlib'
RAWCPP='/usr/bin/cpp'
RAWCPPFLAGS='-undef -traditional'
SED='/usr/bin/sed'
SET_MAKE=''
SHELL='/bin/bash'
STRICT_CFLAGS=' -pedantic -Werror -Werror=attributes'
STRIP='/opt/android-ndk/toolchains/llvm/prebuilt/linux-x86_64/bin/llvm-strip'
STYLESHEET_SRCDIR=''
TRADITIONALCPPFLAGS='-traditional'
USE_THREAD_LIBS='-lpthread'
VERSION='1.8.13'
WCHAR32='1'
X11_CFLAGS='-I/work/androidsysroot/usr/include -D_DEFAULT_SOURCE -D_BSD_SOURCE -DHAS_FCHOWN -DHAS_STICKY_DIR_BIT  '
X11_DATADIR='/usr/share/X11'
X11_EXTRA_DEPS='xcb >= 1.11.1'
X11_LIBDIR='/usr/lib/X11'
X11_LIBS='-L/work/androidsysroot/usr/lib -lxcb '
X11_LOCALEDATADIR='/usr/share/X11/locale'
X11_LOCALEDIR='/usr/share/X11/locale'
X11_LOCALELIBDIR='/usr/lib/X11/locale'
XCMS_FALSE='#'
XCMS_TRUE=''
XERRORDB='/usr/share/X11/XErrorDB'
XKBPROTO_REQUIRES='kbproto'
XKB_FALSE='#'
XKB_TRUE=''
XKEYSYMDB='/usr/share/X11/XKeysymDB'
XLIB_LOADABLE_I18N_FALSE=''
XLIB_LOADABLE_I18N_TRUE='#'
XLOCALEDATADIR='/usr/share/X11/locale'
XLOCALEDIR='/usr/share/X11/locale'
XLOCALELIBDIR='/usr/lib/X11/locale'
XLOCALE_FALSE='#'
XLOCALE_TRUE=''
XMALLOC_ZERO_CFLAGS=''
XMLTO=''
XORG_MAN_PAGE='X Version 11'
XORG_SGML_PATH=''
XSLTPROC=''
XSL_STYLESHEET=''
XTHREADLIB='-lpthread'
XTHREAD_CFLAGS=''
XTMALLOC_ZERO_CFLAGS=''
ac_ct_AR=''
ac_ct_CC=''
ac_ct_DUMPBIN=''
am__EXEEXT_FALSE=''
am__EXEEXT_TRUE='#'
am__fastdepCC_FALSE=''
am__fastdepCC_TRUE='#'
am__include='include'
am__isrc=''
am__leading_dot='.'
am__nodep=''
am__quote=''
am__rm_f_notfound=''
am__tar='tar --format=ustar -chf - "$$tardir"'
am__untar='tar -xf -'
am__xargs_n='xargs -n'
bindir='${exec_prefix}/bin'
build='x86_64-pc-linux-android'
build_alias=''
build_cpu='x86_64'
build_os='linux-android'
build_vendor='pc'
datadir='${datarootdir}'
datarootdir='${prefix}/share'
docdir='${datarootdir}/doc/${PACKAGE_TARNAME}'
dvidir='${docdir}'
exec_prefix='${prefix}'
host='aarch64-unknown-linux-android35'
host_alias='aarch64-linux-android35'
host_cpu='aarch64'
host_os='linux-android35'
host_vendor='unknown'
htmldir='${docdir}'
includedir='${prefix}/include'
infodir='${datarootdir}/info'
install_sh='${SHELL} /work/x11-build/libX11-1.8.13/install-sh'
libdir='${exec_prefix}/lib'
libexecdir='${exec_prefix}/libexec'
localedir='${datarootdir}/locale'
locales=' am_ET.UTF-8  armscii-8   C           cs_CZ.UTF-8  el_GR.UTF-8  en_US.UTF-8  fi_FI.UTF-8  georgian-academy        georgian-ps  ibm-cp1133   iscii-dev  isiri-3342   iso8859-1   iso8859-10  iso8859-11   iso8859-13   iso8859-14  iso8859-15   iso8859-2   iso8859-3   iso8859-4    iso8859-5    iso8859-6  iso8859-7    iso8859-8   iso8859-9   iso8859-9e   ja           ja.JIS  ja_JP.UTF-8  ja.SJIS     km_KH.UTF-8 ko           koi8-c       koi8-r  koi8-u       ko_KR.UTF-8 microsoft-cp1251         microsoft-cp1255  microsoft-cp1256         mulelao-1   nokhchi-1    pt_BR.UTF-8  pt_PT.UTF-8  ru_RU.UTF-8  sr_RS.UTF-8 tatar-cyr   th_TH        th_TH.UTF-8  tscii-0  vi_VN.tcvn   vi_VN.viscii            zh_CN        zh_CN.gb18030  zh_CN.gbk    zh_CN.UTF-8 zh_HK.big5  zh_HK.big5hkscs           zh_HK.UTF-8  zh_TW        zh_TW.big5  zh_TW.UTF-8'
localstatedir='${prefix}/var'
mandir='${datarootdir}/man'
mkdir_p='$(MKDIR_P)'
oldincludedir='/usr/include'
pdfdir='${docdir}'
prefix='/usr'
program_transform_name='s,x,x,'
psdir='${docdir}'
runstatedir='${localstatedir}/run'
sbindir='${exec_prefix}/sbin'
sharedstatedir='${prefix}/com'
sysconfdir='${prefix}/etc'
target_alias=''

## ----------- ##
## confdefs.h. ##
## ----------- ##

/* confdefs.h */
#define PACKAGE_NAME "libX11"
#define PACKAGE_TARNAME "libX11"
#define PACKAGE_VERSION "1.8.13"
#define PACKAGE_STRING "libX11 1.8.13"
#define PACKAGE_BUGREPORT "https://gitlab.freedesktop.org/xorg/lib/libx11/-/issues"
#define PACKAGE_URL ""
#define HAVE_STDIO_H 1
#define HAVE_STDLIB_H 1
#define HAVE_STRING_H 1
#define HAVE_INTTYPES_H 1
#define HAVE_STDINT_H 1
#define HAVE_STRINGS_H 1
#define HAVE_SYS_STAT_H 1
#define HAVE_SYS_TYPES_H 1
#define HAVE_UNISTD_H 1
#define HAVE_WCHAR_H 1
#define HAVE_SYS_PARAM_H 1
#define STDC_HEADERS 1
#define _ALL_SOURCE 1
#define _DARWIN_C_SOURCE 1
#define _GNU_SOURCE 1
#define _HPUX_ALT_XOPEN_SOCKET_API 1
#define _NETBSD_SOURCE 1
#define _OPENBSD_SOURCE 1
#define _POSIX_PTHREAD_SEMANTICS 1
#define __STDC_WANT_IEC_60559_ATTRIBS_EXT__ 1
#define __STDC_WANT_IEC_60559_BFP_EXT__ 1
#define __STDC_WANT_IEC_60559_DFP_EXT__ 1
#define __STDC_WANT_IEC_60559_EXT__ 1
#define __STDC_WANT_IEC_60559_FUNCS_EXT__ 1
#define __STDC_WANT_IEC_60559_TYPES_EXT__ 1
#define __STDC_WANT_LIB_EXT2__ 1
#define __STDC_WANT_MATH_SPEC_FUNCS__ 1
#define _TANDEM_SOURCE 1
#define __EXTENSIONS__ 1
#define PACKAGE "libX11"
#define VERSION "1.8.13"
#define HAVE_DLFCN_H 1
#define LT_OBJDIR ".libs/"
#define PACKAGE_VERSION_MAJOR 1
#define PACKAGE_VERSION_MINOR 8
#define PACKAGE_VERSION_PATCHLEVEL 13
#define UNIXCONN 1
#define TCPCONN 1
#define HAVE_GETADDRINFO 1
#define HAVE_INET_NTOP 1
#define IPv6 1
#define HAVE_SOCKLEN_T 1
#define HAVE_STRUCT_SOCKADDR_STORAGE 1
#define HAVE_STRCASECMP 1
#define HAVE_STRLCPY 1
#define HAVE_DLOPEN 1
#define HAVE_DLFCN_H 1
#define USE_DYNAMIC_XCURSOR 1
#define USE_THREAD_SAFETY_CONSTRUCTOR 1
#define HAVE_SYS_SELECT_H 1
#define HAVE_SYS_IOCTL_H 1
#define HAVE_SYS_SOCKET_H 1
#define HAVE___BUILTIN_POPCOUNTL 1
#define HAVE_STRTOL 1
#define HAVE_SETEUID 1
#define HAVE_REALLOCARRAY 1
#define HASGETRESUID 1
#define HAS_SHM 1
#define XTHREADS 1
#define XUSE_MTSAFE_API 1
#define USE_POLL 1
#define XCMS 1
#define XLOCALE 1
#define XF86BIGFONT 1
#define XKB 1
#define HAVE_GETPAGESIZE 1
#define HAVE_MMAP 1
#define COMPOSECACHE 1
#define X11_DATADIR "/usr/share/X11"
#define X11_LIBDIR "/usr/lib/X11"
#define XLOCALEDATADIR "/usr/share/X11/locale"
#define XLOCALELIBDIR "/usr/lib/X11/locale"
#define XLOCALEDIR "/usr/share/X11/locale"
#define XKEYSYMDB "/usr/share/X11/XKeysymDB"
#define XERRORDB "/usr/share/X11/XErrorDB"

configure: exit 0
